term,term_id
hous,0
wine,1
cellar,2
histor,3
palazzo,4
restaur,5
success,6
combin,7
tradit,8
modern,9
cuisin,10
focus,11
fish,12
seafood,13
special,14
molis,15
region,16
meat,17
dish,18
menu,19
situat,20
heart,21
porta,22
nuova,23
district,24
milan,25
area,26
like,27
peopl,28
use,29
word,30
old,31
advertis,32
slogan,33
occupi,34
first,35
floor,36
torr,37
solaria,38
take,39
seat,40
dine,41
room,42
full,43
charm,44
stone,45
wood,46
glass,47
creat,48
warm,49
eleg,50
designerstyl,51
ambienc,52
chef,53
takeshi,54
iwai,55
hard,56
defin,57
italian,58
japanes,59
flavour,60
fusionstyl,61
embrac,62
influenc,63
countri,64
best,65
option,66
savour,67
differ,68
serv,69
tast,70
iyo,71
omakas,72
sushi,73
bar,74
within,75
share,76
entranc,77
aalto,78
although,79
two,80
space,81
kept,82
separ,83
food,84
prepar,85
master,86
masashi,87
suzuki,88
small,89
center,90
town,91
coupl,92
comprehens,93
manag,94
experi,95
oper,96
well,97
maintain,98
modest,99
offer,100
eclect,101
centr,102
overlook,103
monument,104
piazza,105
san,106
giustino,107
feel,108
keep,109
locat,110
enhanc,111
typic,112
brick,113
wall,114
arrang,115
contrast,116
predominantli,117
meatbas,118
contemporari,119
style,120
interest,121
technic,122
creativ,123
twist,124
smart,125
classic,126
expo,127
fiera,128
far,129
citi,130
ever,131
sinc,132
open,133
1982,134
reliabl,135
choic,136
topqual,137
also,138
featur,139
techniqu,140
recip,141
highlight,142
includ,143
tuna,144
amberjack,145
carpaccio,146
salad,147
grill,148
cook,149
ligurian,150
potato,151
taggiasch,152
oliv,153
soup,154
crouton,155
boast,156
adorn,157
wooden,158
ceil,159
redecor,160
year,161
ago,162
evoc,163
photo,164
document,165
depict,166
histori,167
homemad,168
pasta,169
boil,170
trolley,171
carrello,172
dei,173
bolliti,174
excel,175
rabbit,176
stew,177
gener,178
portion,179
pepper,180
select,181
delici,182
homeproduc,183
fare,184
veget,185
preserv,186
pastri,187
maze,188
alleyway,189
make,190
cegli,191
tabl,192
atmospher,193
inner,194
courtyard,195
long,196
famou,197
must,198
anyon,199
keen,200
tri,201
puglian,202
lamb,203
roast,204
particularli,205
list,206
label,207
minimalist,208
mediev,209
giovanni,210
tower,211
picturesqu,212
pedestrianis,213
noli,214
ownerchef,215
echo,216
decor,217
alik,218
almost,219
exclus,220
ingredi,221
purpl,222
sanremo,223
prawn,224
tartar,225
celeri,226
mayonnais,227
lemon,228
cream,229
plankton,230
chip,231
juic,232
albenga,233
artichok,234
name,235
villag,236
former,237
postman,238
import,239
charismat,240
charact,241
commun,242
worker,243
club,244
rustic,245
beauti,246
porch,247
sit,248
summer,249
beneath,250
cool,251
fan,252
step,253
away,254
local,255
yet,256
never,257
overli,258
fanci,259
alway,260
present,261
enjoy,262
mezz,263
manich,264
white,265
onion,266
sour,267
butter,268
burnt,269
leg,270
guinea,271
fowl,272
brown,273
paprika,274
horseradish,275
choos,276
might,277
ask,278
owner,279
danilo,280
recommend,281
extens,282
certainli,283
care,284
chosen,285
delight,286
19c,287
face,288
naviglio,289
del,290
brenta,291
fulli,292
renov,293
welcom,294
reign,295
suprem,296
wherev,297
possibl,298
simpl,299
either,300
veneto,301
elsewher,302
itali,303
tommaso,304
arrigoni,305
wonder,306
new,307
floortoceil,308
window,309
spaciou,310
larg,311
mediterranean,312
garden,313
appeal,314
zeninspir,315
outdoor,316
previou,317
venu,318
colour,319
showcas,320
three,321
à,322
la,323
cart,324
dell,325
allow,326
guest,327
sampl,328
sever,329
enter,330
stop,331
moment,332
admir,333
crystalclear,334
water,335
santa,336
susanna,337
canal,338
run,339
opposit,340
build,341
trota,342
revolutionis,343
rais,344
standard,345
freshwat,346
elev,347
level,348
produc,349
consid,350
refin,351
serva,352
brother,353
abli,354
assist,355
respect,356
children,357
trout,358
tench,359
crayfish,360
pike,361
catfish,362
sourc,363
clean,364
nearbi,365
alongsid,366
good,367
wild,368
herb,369
given,370
extract,371
home,372
herbal,373
tea,374
drink,375
there,376
accompani,377
meal,378
plu,379
surpris,380
cognac,381
liqueur,382
fine,383
weather,384
bridg,385
span,386
celebr,387
60th,388
anniversari,389
2023,390
restuar,391
focu,392
agnolotti,393
type,394
stuf,395
fondu,396
piedmontes,397
beef,398
villanova,399
chicken,400
inevit,401
bunet,402
dessert,403
narrow,404
street,405
stylish,406
renown,407
simpler,408
moder,409
price,410
avail,411
lunchtim,412
strictli,413
farmer,414
except,415
sugar,416
truffl,417
salt,418
rice,419
etc,420
theodor,421
falser,422
purist,423
plenti,424
concern,425
admit,426
weak,427
ferment,428
method,429
afield,430
fortun,431
born,432
mountain,433
lucki,434
enough,435
stubestyl,436
built,437
vintag,438
jewel,439
engel,440
hotel,441
crown,442
alto,443
adig,444
fairytal,445
set,446
properti,447
resembl,448
castl,449
fact,450
custom,451
po,452
river,453
14c,454
famili,455
ancestor,456
farm,457
massimo,458
spigaroli,459
own,460
everyth,461
guestroom,462
hosteria,463
maial,464
bistro,465
event,466
busi,467
meet,468
allround,469
visit,470
unmiss,471
museo,472
culatello,473
gastrofluvi,474
root,475
ravioli,476
bladder,477
french,478
nero,479
suckl,480
pig,481
crispi,482
rind,483
green,484
shoot,485
ontrend,486
vegetarian,487
chateaubriand,488
spring,489
jelli,490
punt,491
e,492
me,493
luna,494
park,495
give,496
free,497
rein,498
undoubtedli,499
excit,500
book,501
advanc,502
vertic,503
langh,504
classicstyl,505
skil,506
overseen,507
china,508
plate,509
attract,510
intrigu,511
asian,512
wide,513
chines,514
appetis,515
dumpl,516
noodl,517
huge,518
array,519
eight,520
spici,521
szechuan,522
delic,523
zhejiang,524
intim,525
number,526
galleri,527
portrait,528
britishstyl,529
librari,530
herbier,531
print,532
someth,533
everyon,534
everi,535
reinterpret,536
capabl,537
mayr,538
longestablish,539
bressanon,540
brixen,541
late,542
terrac,543
alfresco,544
highli,545
made,546
sylvan,547
isarco,548
valley,549
tirtl,550
fri,551
pie,552
ricotta,553
spinach,554
cinnamon,555
recent,556
adler,557
guesthous,558
inform,559
bottl,560
theenotecaon,561
ad,562
touch,563
franciacorta,564
grown,565
organ,566
support,567
mani,568
chees,569
ham,570
salami,571
snack,572
live,573
throughout,574
day,575
left,576
premis,577
caltagiron,578
acquaint,579
michelin,580
guid,581
catania,582
right,583
period,584
palazzi,585
avenu,586
plant,587
oleand,588
work,589
art,590
nunzio,591
fisichella,592
painter,593
devot,594
etna,595
mood,596
continu,597
occasion,598
sicilian,599
sauc,600
noth,601
forc,602
mention,603
quail,604
perfectli,605
minnuzza,606
di,607
santagata,608
cuttlefish,609
foam,610
candi,611
hint,612
fresh,613
come,614
talent,615
sommeli,616
tell,617
origin,618
whether,619
sicili,620
europ,621
finish,622
sure,623
marsala,624
stravecchio,625
intorcia,626
subtl,627
fore,628
culinari,629
bring,630
temperatur,631
cut,632
result,633
ferrara,634
nativ,635
hilltop,636
provinc,637
rieti,638
border,639
umbria,640
minimaliststyl,641
expos,642
foot,643
contigliano,644
church,645
carlotta,646
delicato,647
deliber,648
unfussi,649
part,650
verona,651
castelvecchio,652
relax,653
furnish,654
light,655
soft,656
background,657
music,658
kebab,659
skewer,660
7am,661
11pm,662
butcher,663
act,664
delicatessen,665
boutiqu,666
servic,667
even,668
restrict,669
distanc,670
ost,671
scuro,672
armchair,673
bench,674
stool,675
dot,676
among,677
low,678
squar,679
higher,680
surround,681
complet,682
line,683
tempt,684
cod,685
cauliflow,686
cavolo,687
beurr,688
blanc,689
accommod,690
minut,691
date,692
back,693
16c,694
tre,695
cime,696
abund,697
broth,698
herbcrust,699
appl,700
strudel,701
less,702
season,703
abruzzo,704
popular,705
place,706
eat,707
loro,708
imagin,709
healthi,710
sens,711
especi,712
antipasti,713
primi,714
cours,715
pierantonio,716
rocchetti,717
favourit,718
flair,719
skimp,720
journey,721
culmin,722
sala,723
lab,724
transform,725
directli,726
friendli,727
convivi,728
still,729
30,730
proto,731
visitor,732
atrani,733
nearli,734
announc,735
rather,736
campanian,737
find,738
arezzo,739
saffron,740
rang,741
raw,742
inspir,743
japan,744
tempura,745
spaghetti,746
guà,747
dialect,748
novo,749
arcad,750
barchessa,751
soak,752
tranquil,753
romant,754
winter,755
rest,756
18c,757
farmhous,758
solid,759
mapl,760
cutleri,761
individu,762
elabor,763
emilia,764
romagna,765
tradizion,766
evoluzion,767
gramigna,768
sausag,769
love,770
modena,771
sweet,772
cacio,773
pepe,774
tortellini,775
il,776
tortellant,777
associ,778
found,779
bottura,780
rehabilit,781
young,782
adult,783
autist,784
spectrum,785
learn,786
hand,787
whole,788
page,789
dedic,790
lambrusco,791
liguria,792
seclud,793
arch,794
remain,795
mosaic,796
roman,797
villa,798
alon,799
truli,800
memor,801
add,802
that,803
sorrento,804
follow,805
road,806
downhil,807
marina,808
grand,809
worth,810
youll,811
soul,812
seemingli,813
seasid,814
actual,815
superb,816
inn,817
earli,818
friuli,819
frico,820
fritter,821
cure,822
prioritis,823
interpret,824
greeneri,825
view,826
southern,827
lake,828
garda,829
shorelin,830
motto,831
time,832
particular,833
shade,834
month,835
diner,836
lengthi,837
known,838
throw,839
sassi,840
quarter,841
alreadi,842
belt,843
luxuri,844
belong,845
wineri,846
planeta,847
vineyard,848
homegrown,849
appear,850
obvious,851
standardbear,852
david,853
palluda,854
base,855
faith,856
excellentplin,857
al,858
sugo,859
darrostoor,860
updat,861
unnecessari,862
frill,863
aim,864
pleas,865
turn,866
wisteriaadorn,867
groundfloor,868
osteria,869
expens,870
nautilu,871
tiber,872
boat,873
moor,874
along,875
repres,876
childhood,877
dream,878
craft,879
observ,880
grandpar,881
spent,882
gain,883
abroad,884
gualtiero,885
marchesi,886
lalbereta,887
usai,888
strong,889
cuttingedg,890
exot,891
asia,892
aesthet,893
qualiti,894
reflect,895
kitchen,896
visibl,897
lead,898
provid,899
start,900
cocktail,901
would,902
difficult,903
convey,904
display,905
near,906
sort,907
shellfish,908
shape,909
size,910
profession,911
valu,912
money,913
address,914
1954,915
elegantli,916
sea,917
one,918
thing,919
città,920
santangelo,921
authent,922
island,923
furnitur,924
casano,925
look,926
respons,927
impress,928
couscou,929
alla,930
fiamma,931
courgett,932
marin,933
mint,934
bacio,935
pantesco,936
gastronom,937
basilicata,938
tuscani,939
signific,940
life,941
shop,942
convert,943
happi,944
hour,945
interior,946
close,947
spirit,948
spread,949
mostli,950
flavor,951
brandacujun,952
genoes,953
pumpkin,954
flower,955
trofi,956
pesto,957
nation,958
product,959
sale,960
thousandyearold,961
monasteri,962
papi,963
way,964
your,965
stelio,966
sakali,967
hail,968
greec,969
tuscan,970
greek,971
starter,972
acornflour,973
button,974
red,975
saganaki,976
cantina,977
castello,978
grape,979
without,980
shadow,981
doubt,982
rome,983
penultim,984
thesplendid,985
royalhotel,986
equal,987
medici,988
trinità,989
monti,990
st,991
peter,992
gianicolo,993
better,994
head,995
adèl,996
loung,997
aperitif,998
afterdinn,999
finedin,1000
finest,1001
giancarlo,1002
morelli,1003
30th,1004
seregno,1005
thank,1006
partnership,1007
eas,1008
around,1009
monza,1010
signora,1011
gianello,1012
fell,1013
late19c,1014
hamlet,1015
hill,1016
north,1017
vicenza,1018
bought,1019
feminin,1020
son,1021
riccardo,1022
front,1023
federico,1024
mother,1025
latter,1026
often,1027
immedi,1028
chestnut,1029
virgin,1030
oil,1031
strawberri,1032
tree,1033
berri,1034
aromat,1035
gather,1036
person,1037
dynam,1038
frosio,1039
improvis,1040
camillo,1041
guarante,1042
impecc,1043
paolo,1044
helm,1045
classicmodern,1046
emphasi,1047
gourmet,1048
scampi,1049
lobster,1050
foie,1051
gra,1052
pigeon,1053
caviar,1054
section,1055
anoth,1056
world,1057
auster,1058
13c,1059
1000,1060
nouveaustyl,1061
loungebar,1062
ideal,1063
plan,1064
lunch,1065
dinner,1066
ilario,1067
vagu,1068
privat,1069
collect,1070
romano,1071
levi,1072
grappa,1073
rare,1074
definit,1075
buff,1076
restor,1077
top,1078
tuscanstyl,1079
next,1080
santambrogio,1081
market,1082
italianthem,1083
order,1084
steak,1085
end,1086
spend,1087
littl,1088
satnav,1089
get,1090
countrysid,1091
challeng,1092
glad,1093
effort,1094
trattoria,1095
1919,1096
retain,1097
nostalg,1098
despit,1099
seen,1100
pici,1101
sweetbread,1102
pecorino,1103
miniato,1104
autumn,1105
youd,1106
memori,1107
grandmoth,1108
beach,1109
oyster,1110
pictur,1111
michel,1112
chiara,1113
vari,1114
intens,1115
fill,1116
parmesan,1117
milk,1118
reggiana,1119
cow,1120
chanterel,1121
mushroom,1122
concis,1123
chianti,1124
amid,1125
spaccanapoli,1126
togeth,1127
neapolitan,1128
mozzarella,1129
aubergin,1130
parmigiana,1131
varieti,1132
bean,1133
endiv,1134
pea,1135
meatbal,1136
pastiera,1137
tart,1138
second,1139
similar,1140
4,1141
17c,1142
de,1143
probiz,1144
chang,1145
daili,1146
basi,1147
singl,1148
bank,1149
centuri,1150
reason,1151
tipico,1152
casa,1153
week,1154
theme,1155
weekend,1156
monviso,1157
200th,1158
vivalda,1159
five,1160
dairi,1161
wellearn,1162
reput,1163
gian,1164
piero,1165
passion,1166
award,1167
2024,1168
expertli,1169
foodlov,1170
cerver,1171
point,1172
refer,1173
suppli,1174
capon,1175
veal,1176
carmagnola,1177
porcini,1178
much,1179
besid,1180
entic,1181
raviolo,1182
bagna,1183
càuda,1184
legendari,1185
bouillabaiss,1186
reappear,1187
insist,1188
request,1189
pergola,1190
fountain,1191
sell,1192
cake,1193
biscuit,1194
relai,1195
mirabella,1196
clusan,1197
diseo,1198
panoram,1199
pride,1200
real,1201
versilia,1202
plaza,1203
russi,1204
bright,1205
viareggio,1206
seafront,1207
promenad,1208
third,1209
abl,1210
freeli,1211
whatev,1212
strike,1213
luca,1214
landi,1215
pay,1216
tribut,1217
inland,1218
franca,1219
upper,1220
positano,1221
distinct,1222
black,1223
marbl,1224
seven,1225
li,1226
galli,1227
nino,1228
costanzo,1229
savio,1230
perna,1231
greco,1232
spotlight,1233
mainli,1234
breeder,1235
overal,1236
bread,1237
practic,1238
globe,1239
1,1240
000,1241
franc,1242
stage,1243
champagn,1244
krug,1245
motta,1246
establish,1247
piedmont,1248
age,1249
fridg,1250
salumi,1251
variou,1252
barbecu,1253
lombardi,1254
translat,1255
goe,1256
leav,1257
amidst,1258
granit,1259
boulder,1260
sculpt,1261
wind,1262
junip,1263
tantal,1264
vision,1265
palat,1266
treat,1267
lakefront,1268
saltwat,1269
ceram,1270
museum,1271
piec,1272
bino,1273
ricchebuono,1274
michelinstar,1275
brain,1276
behind,1277
portes,1278
partner,1279
andrea,1280
overse,1281
demonstr,1282
porter,1283
beer,1284
icecream,1285
garlic,1286
mouss,1287
chocol,1288
tuber,1289
peel,1290
amphitheatr,1291
pupil,1292
perbellini,1293
creami,1294
risotto,1295
curd,1296
corn,1297
yoghurt,1298
sesam,1299
seed,1300
graziano,1301
accolla,1302
return,1303
highest,1304
augusta,1305
profil,1306
taormina,1307
winebar,1308
explain,1309
today,1310
femal,1311
whose,1312
duomo,1313
mulberri,1314
morer,1315
stood,1316
beam,1317
involv,1318
becom,1319
bearer,1320
120,1321
bound,1322
suit,1323
parco,1324
madoni,1325
firmli,1326
anchor,1327
antipasto,1328
six,1329
bite,1330
natur,1331
leaven,1332
process,1333
four,1334
post,1335
mari,1336
louis,1337
duchess,1338
parma,1339
lie,1340
verdant,1341
landscap,1342
regional,1343
boschi,1344
carrega,1345
kilometr,1346
outsid,1347
baganza,1348
stun,1349
backdrop,1350
nonna,1351
lina,1352
tortelli,1353
melt,1354
shadi,1355
librarystyl,1356
cookeri,1357
subject,1358
betancourt,1359
venezuela,1360
train,1361
wellknown,1362
spain,1363
multifacet,1364
kombu,1365
soy,1366
koji,1367
vegan,1368
bolgheri,1369
acciderba,1370
glori,1371
leek,1372
gnocchi,1373
tongu,1374
fire,1375
bergamo,1376
alta,1377
innov,1378
invent,1379
croton,1380
da,1381
ercol,1382
institut,1383
benefit,1384
40,1385
salti,1386
tang,1387
ionian,1388
realli,1389
want,1390
let,1391
oldschool,1392
host,1393
hidalgo,1394
roomaomi,1395
kind,1396
uniqu,1397
main,1398
wagyubeef,1399
rural,1400
field,1401
specialis,1402
fashion,1403
takeaway,1404
purchas,1405
edg,1406
insid,1407
stock,1408
plain,1409
roll,1410
perfect,1411
destin,1412
sunday,1413
outing,1414
wellkept,1415
usual,1416
fishmong,1417
store,1418
orang,1419
400,1420
relationship,1421
staff,1422
catch,1423
cabinet,1424
shine,1425
adriat,1426
freshest,1427
clam,1428
nobuya,1429
dark,1430
subdu,1431
illumin,1432
lighter,1433
bento,1434
box,1435
mi,1436
affido,1437
te,1438
characteris,1439
tone,1440
other,1441
puglia,1442
baroqu,1443
staircas,1444
father,1445
daughter,1446
team,1447
medic,1448
studi,1449
weav,1450
past,1451
englishstyl,1452
patio,1453
costantini,1454
precis,1455
idea,1456
orto,1457
alba,1458
capit,1459
damiano,1460
nigro,1461
tapa,1462
expect,1463
last,1464
maccheroncini,1465
exquisit,1466
fassona,1467
redwin,1468
ahead,1469
easi,1470
carri,1471
adject,1472
describ,1473
rizzo,1474
rend,1475
eleph,1476
antiqu,1477
panel,1478
char,1479
bed,1480
fragrant,1481
elderflow,1482
thousand,1483
baumgartn,1484
fishbas,1485
karl,1486
expertis,1487
ignor,1488
trend,1489
pass,1490
piano,1491
veranda,1492
least,1493
capitan,1494
fifteen,1495
anonym,1496
junction,1497
girella,1498
cartellata,1499
36,1500
egg,1501
yolk,1502
goat,1503
ciauscolo,1504
march,1505
ragu,1506
reduct,1507
pergolashad,1508
frenchitalian,1509
outskirt,1510
brescia,1511
laid,1512
bay,1513
experienc,1514
wife,1515
breton,1516
husband,1517
recreat,1518
hallmark,1519
unforgett,1520
le,1521
calett,1522
cala,1523
rizzi,1524
openair,1525
via,1526
presidiana,1527
caldura,1528
rock,1529
rocca,1530
outcrop,1531
albeit,1532
slightli,1533
perspect,1534
dario,1535
pandolfo,1536
acquir,1537
appli,1538
door,1539
mark,1540
templ,1541
greet,1542
pink,1543
fresco,1544
francesco,1545
clement,1546
frontofhous,1547
enrico,1548
crippa,1549
fourth,1550
shorter,1551
obviou,1552
cultiv,1553
harvest,1554
icon,1555
countless,1556
feast,1557
eye,1558
tastebud,1559
inspector,1560
hardli,1561
need,1562
entir,1563
solopiemont,1564
homag,1565
tuttoilresto,1566
divid,1567
effici,1568
enthusiast,1569
succeed,1570
excess,1571
formal,1572
roughli,1573
amount,1574
notic,1575
bid,1576
discreet,1577
farewel,1578
group,1579
restoredtrulliwhich,1580
20,1581
youv,1582
car,1583
slight,1584
descent,1585
corner,1586
paradis,1587
detail,1588
lido,1589
84,1590
joyou,1591
festiv,1592
contact,1593
occas,1594
splendid,1595
breathtak,1596
spectacular,1597
corbara,1598
1964,1599
homecook,1600
incorpor,1601
hush,1602
harri,1603
piccolo,1604
matteo,1605
metullio,1606
pra,1607
youth,1608
abil,1609
orient,1610
tagliatel,1611
mussel,1612
urchin,1613
fennel,1614
ice,1615
dashi,1616
sparkl,1617
bonus,1618
contemporarystyl,1619
locanda,1620
degli,1621
artisti,1622
personalis,1623
trentinoalto,1624
expert,1625
increas,1626
comfort,1627
vault,1628
tuck,1629
unexpect,1630
residenti,1631
nonetheless,1632
loyal,1633
regular,1634
clientel,1635
high,1636
bologna,1637
join,1638
thursday,1639
friday,1640
environ,1641
décor,1642
specialti,1643
neat,1644
simplic,1645
openview,1646
see,1647
arriv,1648
ancient,1649
colosseum,1650
dome,1651
sight,1652
aroma,1653
imbu,1654
giusepp,1655
iorio,1656
introduc,1657
concept,1658
pietro,1659
leemann,1660
man,1661
great,1662
philosoph,1663
80,1664
gluten,1665
dreamlik,1666
bear,1667
wit,1668
spiritu,1669
undergon,1670
essenc,1671
textur,1672
itsjoia,1673
academyaim,1674
particip,1675
aspect,1676
philosophi,1677
treeshad,1678
ground,1679
cathedr,1680
marco,1681
cozzi,1682
niko,1683
romito,1684
exampl,1685
pancotto,1686
navelli,1687
robiola,1688
rapa,1689
triangl,1690
pork,1691
loin,1692
residentialstyl,1693
cover,1694
shelv,1695
jar,1696
contain,1697
dri,1698
fruit,1699
lentil,1700
attent,1701
anchovi,1702
favignana,1703
bottarga,1704
muddica,1705
atturratasp,1706
breadcrumb,1707
perciasacchi,1708
flour,1709
direct,1710
vehicl,1711
uphil,1712
wisteria,1713
evid,1714
tasti,1715
curat,1716
vitello,1717
tonnato,1718
raspberri,1719
duck,1720
breast,1721
ju,1722
form,1723
woodpanel,1724
movement,1725
theatr,1726
pont,1727
pietra,1728
fontanina,1729
oldest,1730
200,1731
bohemian,1732
mirror,1733
silverwar,1734
2015,1735
fausto,1736
barpasticceria,1737
par,1738
café,1739
pleasant,1740
move,1741
easili,1742
milanes,1743
intern,1744
pizza,1745
counter,1746
extraordinari,1747
galleria,1748
marotta,1749
howev,1750
roma,1751
paint,1752
artist,1753
pignatelli,1754
andi,1755
warhol,1756
valerio,1757
berruti,1758
firstfloor,1759
altern,1760
nonmeateat,1761
overflow,1762
charcoal,1763
emilian,1764
tire,1765
berico,1766
larger,1767
ring,1768
ibla,1769
partli,1770
vincenzo,1771
candiano,1772
walk,1773
stand,1774
etruscan,1775
resort,1776
synagogu,1777
hewn,1778
unavoid,1779
panorama,1780
ravenna,1781
matter,1782
rightli,1783
100,1784
blaze,1785
nouveau,1786
regard,1787
succul,1788
illustr,1789
congeni,1790
alberto,1791
faccani,1792
twomichelin,1793
star,1794
magnolia,1795
cesenatico,1796
maritim,1797
gratin,1798
secondi,1799
bake,1800
depend,1801
map,1802
napoleon,1803
era,1804
call,1805
granaio,1806
rapolano,1807
pepperi,1808
formerli,1809
characterist,1810
bedroom,1811
develop,1812
wing,1813
consist,1814
overnight,1815
bodi,1816
annex,1817
extrem,1818
tidi,1819
maggior,1820
enthusiasm,1821
mediterraneanstyl,1822
inncum,1823
cicchetteria,1824
venetian,1825
glutenfre,1826
compromis,1827
wellconstruct,1828
embellish,1829
central,1830
fireplac,1831
moretto,1832
balanc,1833
switzerland,1834
seem,1835
broken,1836
horsesho,1837
ronchetto,1838
1800,1839
stay,1840
night,1841
inde,1842
hors,1843
sho,1844
later,1845
bakeri,1846
bowl,1847
alley,1848
express,1849
everpres,1850
milanesestyl,1851
cutlet,1852
imperi,1853
fort,1854
guard,1855
port,1856
enviabl,1857
stilt,1858
clandestino,1859
trendi,1860
unspoilt,1861
distinctli,1862
moreno,1863
cedroni,1864
addit,1865
ero,1866
susci,1867
spilimbergo,1868
façad,1869
somewher,1870
vicina,1871
lingotto,1872
factori,1873
access,1874
metro,1875
dont,1876
sustain,1877
environment,1878
fasson,1879
ossobucofil,1880
domin,1881
zabaglion,1882
ivrea,1883
cross,1884
brembo,1885
meadow,1886
orob,1887
peak,1888
declar,1889
complex,1890
round,1891
highend,1892
agriturismo,1893
tourist,1894
gazebo,1895
compris,1896
banquet,1897
facil,1898
column,1899
simpli,1900
proudli,1901
1970,1902
tini,1903
accord,1904
handwritten,1905
teatro,1906
bellini,1907
università,1908
trio,1909
brought,1910
turi,1911
finocchiaro,1912
societi,1913
quiet,1914
trademark,1915
baron,1916
1930,1917
drive,1918
pine,1919
reach,1920
horizon,1921
wave,1922
ordinari,1923
zazzeri,1924
daniel,1925
true,1926
sudden,1927
match,1928
absolut,1929
pair,1930
ultraclass,1931
unchang,1932
pleasur,1933
trastever,1934
coachhous,1935
privaci,1936
mezzanin,1937
cristina,1938
bowerman,1939
limit,1940
nod,1941
lazio,1942
certain,1943
fall,1944
lover,1945
grove,1946
magona,1947
delicaci,1948
determin,1949
graduat,1950
literatur,1951
degre,1952
swap,1953
pen,1954
ladl,1955
brais,1956
cheek,1957
pïacenza,1958
mantua,1959
pisarei,1960
sbrisolona,1961
chaotic,1962
class,1963
sanità,1964
pizzeria,1965
oliva,1966
60,1967
reinvent,1968
laundri,1969
moat,1970
tordelli,1971
lucchesi,1972
thyme,1973
nutmeg,1974
ragù,1975
tripe,1976
pud,1977
held,1978
1996,1979
record,1980
runat,1981
cremona,1982
mantova,1983
dozen,1984
inhabit,1985
half,1986
dal,1987
pescator,1988
hospit,1989
antonio,1990
santini,1991
nadia,1992
aid,1993
mix,1994
enchant,1995
evolv,1996
decad,1997
improv,1998
succumb,1999
joy,2000
delloglio,2001
nestl,2002
bottom,2003
gentl,2004
paid,2005
beli,2006
descript,2007
alserio,2008
prefer,2009
quick,2010
woodfir,2011
oven,2012
stonevault,2013
alessandro,2014
feo,2015
perhap,2016
fewer,2017
campania,2018
fishermen,2019
ventur,2020
rooftop,2021
eden,2022
quirinal,2023
salvator,2024
bianco,2025
alghero,2026
alessandrina,2027
octopu,2028
warn,2029
quit,2030
prophet,2031
hernan,2032
brazilian,2033
footbal,2034
play,2035
championship,2036
swim,2037
pool,2038
perch,2039
abruzzi,2040
renownedarrosticini,2041
across,2042
cicognolo,2043
lower,2044
morn,2045
mist,2046
burgundystyl,2047
snail,2048
bra,2049
40yolk,2050
tajarin,2051
bonet,2052
tend,2053
quickli,2054
slow,2055
began,2056
alzaia,2057
paves,2058
alessandra,2059
grace,2060
manner,2061
curiou,2062
explan,2063
could,2064
castelfranco,2065
contemporarycumminimalist,2066
nicola,2067
dinato,2068
anima,2069
corpo,2070
constantli,2071
signatur,2072
miss,2073
crab,2074
fig,2075
unsurprisingli,2076
elena,2077
sumptuou,2078
terracecumgarden,2079
stucco,2080
galtarossa,2081
bartolini,2082
largest,2083
sometim,2084
clever,2085
suggest,2086
palm,2087
citru,2088
centrestag,2089
splash,2090
florentin,2091
aisl,2092
rear,2093
courtesi,2094
luigi,2095
salomon,2096
cosmo,2097
search,2098
version,2099
integr,2100
castel,2101
salento,2102
royal,2103
paestum,2104
cristian,2105
torsiello,2106
40yearold,2107
valva,2108
salerno,2109
decept,2110
gragnono,2111
onethird,2112
blend,2113
600,2114
alpin,2115
falzarego,2116
tofan,2117
show,2118
venic,2119
chioggia,2120
prest,2121
henc,2122
picturepostcard,2123
cortina,2124
fool,2125
lanzagallo,2126
ski,2127
slope,2128
gourmethotel,2129
tenn,2130
lodg,2131
profus,2132
predinn,2133
softton,2134
numer,2135
coffe,2136
laboratori,2137
n,2138
10,2139
plung,2140
polish,2141
english,2142
galleon,2143
american,2144
referenc,2145
giudia,2146
coratella,2147
offal,2148
amatriciana,2149
carbonara,2150
bistrostyl,2151
linguin,2152
carp,2153
roe,2154
regina,2155
lucia,2156
calabria,2157
bougainvillea,2158
naxo,2159
splendour,2160
resid,2161
roberto,2162
toro,2163
naiv,2164
clear,2165
incàlmo,2166
clearli,2167
recognis,2168
element,2169
probabl,2170
bitter,2171
say,2172
jasminecov,2173
alcov,2174
indoor,2175
mario,2176
sposito,2177
aliv,2178
inherit,2179
parent,2180
extend,2181
beyond,2182
remark,2183
florenc,2184
cort,2185
imperatori,2186
portinari,2187
salviati,2188
vito,2189
mollica,2190
creation,2191
unusu,2192
umbrian,2193
episod,2194
odyssey,2195
scene,2196
bubbl,2197
soundtrack,2198
sublim,2199
artistri,2200
gastronomi,2201
hurri,2202
smaller,2203
prior,2204
reserv,2205
1910,2206
bernardi,2207
nonno,2208
filippino,2209
ovenbak,2210
short,2211
20c,2212
multigener,2213
bigoli,2214
vicenzastyl,2215
baccalà,2216
mallard,2217
prenestinocentocel,2218
vergin,2219
embark,2220
adventur,2221
brandnew,2222
badia,2223
el,2224
toulà,2225
alajmo,2226
lift,2227
glowig,2228
german,2229
birth,2230
adopt,2231
he,2232
savoy,2233
zeromil,2234
cilento,2235
structur,2236
skill,2237
ensur,2238
broke,2239
fior,2240
latt,2241
south,2242
brera,2243
ladin,2244
isnt,2245
cant,2246
napl,2247
sunset,2248
sun,2249
ciro,2250
sicignano,2251
gragnano,2252
energi,2253
lorelei,2254
londr,2255
mustard,2256
oasi,2257
brainchild,2258
porto,2259
cervo,2260
sardinian,2261
reminisc,2262
slice,2263
acquarol,2264
strongli,2265
role,2266
nine,2267
cold,2268
minestra,2269
entitl,2270
lorto,2271
dietro,2272
langolo,2273
bellingeri,2274
breath,2275
air,2276
goldcolour,2277
confus,2278
astut,2279
italo,2280
bassi,2281
lowkey,2282
lit,2283
warmer,2284
welldeserv,2285
asanolini,2286
brodofil,2287
700,2288
cooler,2289
clime,2290
marri,2291
east,2292
west,2293
harmoni,2294
fusion,2295
impos,2296
gong,2297
thought,2298
typifi,2299
peke,2300
bacaro,2301
santerasmo,2302
osti,2303
initi,2304
grow,2305
lakeshor,2306
cosi,2307
provençalstyl,2308
bad,2309
neighborhood,2310
magnific,2311
accademia,2312
surprisingli,2313
gracious,2314
relev,2315
felic,2316
benaco,2317
duo,2318
project,2319
ghedini,2320
pelizzari,2321
freshli,2322
caught,2323
walnut,2324
silkworm,2325
whenev,2326
alain,2327
ducass,2328
prestigi,2329
ristorant,2330
comandant,2331
9th,2332
romeo,2333
vesuviu,2334
meanwhil,2335
lucassino,2336
1991,2337
mentor,2338
nutriti,2339
naturalité,2340
liter,2341
cliff,2342
niccolò,2343
side,2344
kid,2345
almond,2346
petal,2347
360,2348
sceneri,2349
vine,2350
row,2351
rel,2352
alp,2353
thick,2354
educ,2355
pet,2356
therapi,2357
obsess,2358
millefeuil,2359
middl,2360
european,2361
hunt,2362
trophi,2363
clock,2364
london,2365
somewhat,2366
husbandandwif,2367
succe,2368
agro,2369
pontino,2370
rusticstyl,2371
armerina,2372
pansotti,2373
tuma,2374
tack,2375
2020,2376
reduc,2377
ten,2378
approach,2379
supplier,2380
certifi,2381
biodynam,2382
caramanico,2383
substanti,2384
sardinia,2385
bestknown,2386
sitzigorru,2387
cun,2388
tomato,2389
bue,2390
rosso,2391
bomba,2392
ball,2393
malloreddu,2394
culurgion,2395
fregula,2396
casserol,2397
fillet,2398
sebada,2399
su,2400
pappai,2401
biancu,2402
blancmang,2403
trail,2404
neighbourhood,2405
jewishstyl,2406
mustvisit,2407
réva,2408
4km,2409
monfort,2410
dalba,2411
fre,2412
marches,2413
sophist,2414
rich,2415
replac,2416
bone,2417
marrow,2418
bistrot,2419
brickwork,2420
glimps,2421
shabbi,2422
blue,2423
scheme,2424
provenc,2425
fano,2426
amus,2427
che,2428
fritto,2429
fa,2430
si,2431
salvia,2432
chi,2433
può,2434
smile,2435
allfemal,2436
bonu,2437
apart,2438
roof,2439
mill,2440
meschio,2441
adriano,2442
warmth,2443
randazzo,2444
lavaston,2445
mt,2446
asado,2447
nebrodi,2448
capocollo,2449
geotherm,2450
heat,2451
technolog,2452
control,2453
basement,2454
flagship,2455
entrepreneur,2456
partial,2457
paulo,2458
airaudo,2459
argentina,2460
brisket,2461
steal,2462
downtoearth,2463
businessstyl,2464
morel,2465
parsley,2466
coriand,2467
paccheri,2468
bouillabaissestyl,2469
asti,2470
capanna,2471
eraclio,2472
strang,2473
1922,2474
relief,2475
delta,2476
scallop,2477
sole,2478
eel,2479
steam,2480
shell,2481
note,2482
metr,2483
rosita,2484
coast,2485
compens,2486
babi,2487
squid,2488
mash,2489
frog,2490
polda,2491
bath,2492
warehous,2493
smoke,2494
antoni,2495
tafuri,2496
bell,2497
stube,2498
outoftown,2499
chiusi,2500
reviv,2501
zelo,2502
15c,2503
asparagu,2504
1903,2505
verandadin,2506
sailboat,2507
bob,2508
ruffl,2509
ora,2510
trentino,2511
raftcumplatform,2512
giudecca,2513
genuin,2514
grillo,2515
film,2516
symbolis,2517
nobl,2518
ironi,2519
instantli,2520
cultur,2521
fix,2522
flavio,2523
costa,2524
twin,2525
estat,2526
turnip,2527
sweetcorn,2528
beetroot,2529
coconut,2530
game,2531
mauro,2532
elli,2533
cantuccio,2534
albavilla,2535
gabriel,2536
perla,2537
agnoli,2538
sorbir,2539
beerthem,2540
birramisù,2541
lack,2542
goodqual,2543
albertina,2544
belli,2545
panna,2546
cotta,2547
dama,2548
bernes,2549
tufarock,2550
exhibit,2551
sign,2552
cére,2553
ristourànt,2554
valàdess,2555
lanss,2556
con,2557
oubèrgi,2558
kerkira,2559
corfu,2560
owe,2561
exist,2562
taverna,2563
calabres,2564
singer,2565
mia,2566
martini,2567
magic,2568
cypress,2569
woodland,2570
borgo,2571
poggio,2572
multimichelinstar,2573
child,2574
prodigi,2575
juan,2576
quintero,2577
colombia,2578
fundament,2579
fallen,2580
unstuffi,2581
watermil,2582
savouri,2583
horsedrawn,2584
carriag,2585
regi,2586
sofa,2587
gem,2588
pillar,2589
predomin,2590
zur,2591
rose,2592
tyrolean,2593
rout,2594
herbert,2595
hintner,2596
ident,2597
1300,2598
rosa,2599
1585,2600
ride,2601
crest,2602
falter,2603
transfer,2604
rivarola,2605
21,2606
tivoliadriano,2607
baldassarr,2608
tivoli,2609
fascin,2610
hadrian,2611
oxtail,2612
panzanella,2613
narducci,2614
friend,2615
baldassar,2616
periodstyl,2617
scenic,2618
gran,2619
paradiso,2620
aosta,2621
lillaz,2622
zuppa,2623
bosco,2624
pinch,2625
marjoram,2626
rino,2627
billia,2628
winner,2629
understand,2630
requir,2631
suitabl,2632
essenti,2633
vintagestyl,2634
sile,2635
lagoon,2636
pigna,2637
familyrun,2638
hotelrestaur,2639
baronal,2640
outbuild,2641
apricena,2642
brickvault,2643
effortlessli,2644
design,2645
cosmopolitan,2646
richli,2647
arent,2648
lucan,2649
dolomit,2650
muse,2651
ficotto,2652
grandios,2653
bolzano,2654
approxim,2655
vigiliu,2656
lana,2657
cablecar,2658
mont,2659
vigilio,2660
altitud,2661
500m,2662
rememb,2663
check,2664
miranes,2665
mostarda,2666
voghera,2667
bassa,2668
lomellina,2669
stabl,2670
gaudenzio,2671
24monthold,2672
grana,2673
padano,2674
oltrepò,2675
stori,2676
donei,2677
intertwin,2678
malga,2679
1950,2680
current,2681
holidaymak,2682
symbol,2683
fassa,2684
margherita,2685
verandastyl,2686
sweep,2687
marino,2688
career,2689
tireless,2690
experiment,2691
final,2692
flourish,2693
seminario,2694
vescovil,2695
bishop,2696
seminari,2697
majest,2698
exterior,2699
zaccardi,2700
explod,2701
angelica,2702
giannuzzi,2703
magistà,2704
confid,2705
bordeaux,2706
cusago,2707
put,2708
orlando,2709
bollita,2710
mare,2711
trumpet,2712
ginger,2713
lakesid,2714
frame,2715
gold,2716
oro,2717
blu,2718
verd,2719
lastli,2720
blackneroi,2721
breadstick,2722
pickl,2723
chutney,2724
sold,2725
bluefin,2726
industri,2727
spumon,2728
artisan,2729
parlour,2730
doesnt,2731
flock,2732
coastal,2733
tortellino,2734
brodo,2735
lumira,2736
verdi,2737
balsam,2738
vinegar,2739
sangiovesi,2740
lillybet,2741
wellstructur,2742
floral,2743
woodadorn,2744
hut,2745
tubladel,2746
hay,2747
barn,2748
ortisei,2749
venison,2750
pappardel,2751
shank,2752
may,2753
coach,2754
barrel,2755
remind,2756
terri,2757
giacomello,2758
taken,2759
travel,2760
nin,2761
classici,2762
dose,2763
prati,2764
subtli,2765
sauri,2766
1804,2767
peasant,2768
deconsecr,2769
polenta,2770
elvira,2771
postwar,2772
grandson,2773
stefano,2774
wineenthusiast,2775
shouldnt,2776
hesit,2777
federica,2778
wont,2779
regret,2780
protagonist,2781
paper,2782
tablecloth,2783
chalk,2784
blackboard,2785
bistrorestaur,2786
architectur,2787
bollat,2788
prison,2789
ingalera,2790
contribut,2791
inmat,2792
circolino,2793
claudio,2794
sadler,2795
lorenzo,2796
sacchi,2797
cafécumbistro,2798
hidden,2799
fold,2800
cera,2801
una,2802
volta,2803
missoltino,2804
decis,2805
mullet,2806
spanishstyl,2807
suquet,2808
viaj,2809
shiso,2810
seawe,2811
watch,2812
ca,2813
dio,2814
arsenal,2815
biennal,2816
vero,2817
lionetti,2818
immacolata,2819
troccoli,2820
murges,2821
cherri,2822
galileo,2823
assort,2824
jetti,2825
yacht,2826
messina,2827
cave,2828
hundr,2829
equip,2830
bastion,2831
retro,2832
larossa,2833
connoisseur,2834
courteou,2835
reli,2836
blind,2837
pleasantli,2838
monferrato,2839
wend,2840
apennin,2841
thetortellini,2842
interestingli,2843
marcelin,2844
sawmil,2845
restrain,2846
avino,2847
stretch,2848
amalfi,2849
begin,2850
flute,2851
fabul,2852
minori,2853
finger,2854
tablewar,2855
gianni,2856
vanacor,2857
nitto,2858
exhaust,2859
vast,2860
gusto,2861
pollenzo,2862
tistot,2863
she,2864
sheep,2865
hazel,2866
hazelnut,2867
confit,2868
rib,2869
1906,2870
tavern,2871
invit,2872
hilli,2873
cartosio,2874
formula,2875
stove,2876
arborina,2877
chose,2878
1980,2879
fernando,2880
forino,2881
vodka,2882
nowast,2883
cielo,2884
aptli,2885
sommità,2886
mansion,2887
whitewash,2888
limeston,2889
cv,2890
martina,2891
sondrio,2892
5km,2893
cheer,2894
bulwark,2895
erbazzon,2896
cappelletti,2897
buffet,2898
term,2899
unannounc,2900
imit,2901
matia,2902
perdomoalso,2903
digestif,2904
spectacl,2905
conclus,2906
palermo,2907
vucciria,2908
bold,2909
studio,2910
sculptor,2911
antonello,2912
gagini,2913
italianbrazilian,2914
mauricio,2915
zillo,2916
papaya,2917
chic,2918
gulf,2919
numerouscicchettitapasstyl,2920
enabl,2921
tip,2922
bellagio,2923
promontori,2924
branch,2925
shore,2926
asolo,2927
appreci,2928
navona,2929
campo,2930
fiori,2931
deserv,2932
2007,2933
gainn,2934
korean,2935
ricebas,2936
soya,2937
companion,2938
tooth,2939
opul,2940
christma,2941
rug,2942
chandeli,2943
pile,2944
ornat,2945
ugolotti,2946
mantuan,2947
go,2948
renaiss,2949
coat,2950
frothi,2951
pour,2952
copper,2953
pan,2954
daniela,2955
siviero,2956
piergiorgio,2957
dna,2958
8cours,2959
4cours,2960
campagna,2961
liquida,2962
weekli,2963
traffic,2964
golden,2965
mile,2966
josè,2967
bourbon,2968
ownership,2969
what,2970
outset,2971
cri,2972
molaro,2973
length,2974
draw,2975
acid,2976
ealai,2977
jut,2978
alfio,2979
ghezzi,2980
trento,2981
test,2982
mart,2983
rovereto,2984
wellbalanc,2985
abound,2986
favour,2987
quieter,2988
stall,2989
refurbish,2990
anna,2991
matscher,2992
proceed,2993
flaw,2994
extravirgin,2995
lui,2996
materi,2997
kosovo,2998
emin,2999
haziri,3000
grew,3001
velvetcov,3002
manoppello,3003
scalo,3004
mouthwat,3005
emilianstyl,3006
misto,3007
reggiano,3008
100m,3009
sett,3010
querc,3011
viewpoint,3012
emilio,3013
prime,3014
campiello,3015
buzara,3016
25,3017
collio,3018
colli,3019
orientali,3020
incred,3021
exit,3022
motorway,3023
val,3024
daya,3025
brusson,3026
300m,3027
mountainstyl,3028
laghetto,3029
quinson,3030
reopen,3031
barbaresco,3032
joint,3033
cattl,3034
sunni,3035
zero,3036
refresh,3037
vecio,3038
macello,3039
meatprocess,3040
pipe,3041
pasteuris,3042
stonebuilt,3043
stream,3044
lapland,3045
northern,3046
sweden,3047
scandinavian,3048
2,3049
000m,3050
breuilcervinia,3051
african,3052
tristan,3053
du,3054
plessi,3055
pietropaoli,3056
opt,3057
5,3058
7,3059
chat,3060
knowledg,3061
snowsho,3062
excurs,3063
tret,3064
unexpectedli,3065
alpinestyl,3066
maremma,3067
receiv,3068
chive,3069
chair,3070
nonstop,3071
11,3072
30am,3073
zunica,3074
civitella,3075
tronto,3076
1880,3077
proud,3078
50,3079
newli,3080
expand,3081
cascinalenuovo,3082
repertoir,3083
ferretto,3084
steep,3085
fossombron,3086
1920,3087
risen,3088
rank,3089
hover,3090
fantasi,3091
microproduc,3092
ambiti,3093
worthi,3094
cinema,3095
railway,3096
winetast,3097
wholeheartedli,3098
sergeev,3099
nikita,3100
entertain,3101
cuneo,3102
hamburg,3103
1940,3104
though,3105
thoughtout,3106
capri,3107
punta,3108
tragara,3109
corbusi,3110
piccola,3111
parallel,3112
corso,3113
italia,3114
albaro,3115
coincid,3116
santamonica,3117
geometr,3118
nut,3119
cervinia,3120
basin,3121
neighbour,3122
marmot,3123
trade,3124
gene,3125
prato,3126
gaio,3127
enoteca,3128
gradual,3129
bagno,3130
teverini,3131
collina,3132
ciliegi,3133
valpantena,3134
nduja,3135
ristretto,3136
brogna,3137
mutton,3138
site,3139
caper,3140
urbino,3141
reloc,3142
padr,3143
giacinto,3144
20the,3145
phrase,3146
sapori,3147
montani,3148
indic,3149
truffleflavour,3150
palazzolo,3151
acreid,3152
abbey,3153
colombano,3154
vecchio,3155
bassano,3156
advic,3157
novic,3158
ruggiero,3159
doronzo,3160
mantra,3161
permit,3162
mazzini,3163
bislacco,3164
eccentr,3165
pacentro,3166
textil,3167
workshop,3168
chicindustri,3169
gin,3170
glassenclos,3171
suspend,3172
platform,3173
allencompass,3174
liquid,3175
broccoli,3176
toast,3177
cashew,3178
une,3179
acquedotto,3180
relazioni,3181
namelaka,3182
elderberri,3183
mundo,3184
emuls,3185
60km,3186
bend,3187
commit,3188
theyv,3189
heard,3190
tassa,3191
unlimit,3192
bolder,3193
chefcumpoet,3194
eschew,3195
nù,3196
oberwirt,3197
decidedli,3198
worthwhil,3199
cagli,3200
hinterland,3201
eliseo,3202
mattiacci,3203
fabbrica,3204
wafer,3205
exalt,3206
pretti,3207
matilda,3208
canossa,3209
chessa,3210
rivoluzion,3211
radici,3212
riviera,3213
cortil,3214
scorzon,3215
70,3216
condiment,3217
airi,3218
foothil,3219
whitefish,3220
orecchiett,3221
chickpea,3222
grotto,3223
sound,3224
creak,3225
gilmozzi,3226
bark,3227
lichen,3228
resin,3229
research,3230
futurist,3231
multi,3232
purpos,3233
cigar,3234
7pm,3235
belltow,3236
wellprepar,3237
peac,3238
1965,3239
nogher,3240
younger,3241
rosemari,3242
glaze,3243
apricot,3244
didnt,3245
pirandello,3246
belveder,3247
model,3248
recal,3249
sardin,3250
caponata,3251
involtino,3252
siciliana,3253
king,3254
nonitalian,3255
maritimestyl,3256
evok,3257
ship,3258
abocar,3259
spanish,3260
closer,3261
argentin,3262
recipesth,3263
foundat,3264
apprenticeship,3265
met,3266
camilla,3267
rimini,3268
stuffi,3269
etra,3270
anagram,3271
apt,3272
doria,3273
fornari,3274
ferrari,3275
genova,3276
rolli,3277
palac,3278
cannavino,3279
consolid,3280
execut,3281
spa,3282
mattia,3283
trabetti,3284
santuario,3285
della,3286
beata,3287
vegetal,3288
safari,3289
alcherm,3290
cat,3291
hop,3292
chicori,3293
grate,3294
montesestyl,3295
giorgio,3296
melandri,3297
sangioves,3298
acereta,3299
pollino,3300
nettl,3301
lampascioni,3302
stigliano,3303
pistachio,3304
grocer,3305
tunnel,3306
valsassina,3307
workmanship,3308
filippo,3309
moriggi,3310
captur,3311
empanada,3312
bao,3313
bun,3314
bergamostyl,3315
affogato,3316
matera,3317
venosa,3318
latin,3319
poet,3320
horatio,3321
cipriani,3322
explor,3323
adapt,3324
towncentr,3325
beretta,3326
forag,3327
latest,3328
saletta,3329
22,3330
domenico,3331
timeless,3332
public,3333
massimiliano,3334
mascia,3335
satisfact,3336
avoid,3337
1985,3338
boffa,3339
accumul,3340
purest,3341
extraordinaryagnolotti,3342
plin,3343
connect,3344
limonaia,3345
linger,3346
amusesbouch,3347
focaccia,3348
seabream,3349
gloriou,3350
copiou,3351
hostelri,3352
parolina,3353
isid,3354
amiata,3355
sienes,3356
canino,3357
cimini,3358
bolsena,3359
tyrrhenian,3360
restaurantsla,3361
letterina,3362
heavi,3363
toku,3364
yoji,3365
tokuyoshi,3366
horsemeat,3367
tataki,3368
pizzaiola,3369
neck,3370
friggitello,3371
underst,3372
cement,3373
antonino,3374
cannavacciuolo,3375
laqua,3376
lesserknown,3377
surgic,3378
suriano,3379
breakfast,3380
murat,3381
attanasio,3382
botan,3383
patch,3384
petit,3385
supplement,3386
problem,3387
lush,3388
costantino,3389
discuss,3390
bergamasca,3391
soften,3392
lowland,3393
seventh,3394
lombardian,3395
nofril,3396
consorzio,3397
acclaim,3398
tumin,3399
mel,3400
finanziera,3401
meatfil,3402
gianluca,3403
inject,3404
pepp,3405
agricultur,3406
millston,3407
allinal,3408
portico,3409
cavour,3410
doubl,3411
whilehidden,3412
leftther,3413
anim,3414
wallpap,3415
reveal,3416
chefpatron,3417
color,3418
2019,3419
fun,3420
mixolog,3421
listin,3422
eveninga,3423
ça,3424
va,3425
dire,3426
consider,3427
caino,3428
gravit,3429
valeria,3430
piccini,3431
proudest,3432
ambassador,3433
ounc,3434
piatti,3435
storici,3436
ide,3437
movimento,3438
imaginari,3439
voyag,3440
wellstock,3441
giardino,3442
patti,3443
intriguingvieni,3444
sicilia,3445
meinspir,3446
theadriatico,3447
luciano,3448
villani,3449
sannio,3450
uncompromis,3451
acquapetra,3452
resortspa,3453
menusaquafish,3454
andpetraded,3455
parmens,3456
bygon,3457
tagliolini,3458
marinad,3459
henri,3460
prosperi,3461
belov,3462
2021,3463
accomplish,3464
maîtr,3465
serena,3466
firm,3467
petru,3468
sassicaia,3469
piedmontesestyl,3470
granda,3471
consortium,3472
whip,3473
carpigiani,3474
machin,3475
barbera,3476
gulfi,3477
confirm,3478
nicolò,3479
anolini,3480
ciambella,3481
longer,3482
andora,3483
path,3484
woodfurnish,3485
similarli,3486
bloom,3487
bordighera,3488
dug,3489
bustl,3490
senigallia,3491
iberian,3492
pata,3493
negra,3494
manchego,3495
omelett,3496
mayb,3497
appetit,3498
stroll,3499
marchigiana,3500
maria,3501
vallicella,3502
chiesa,3503
pipero,3504
scamardella,3505
shone,3506
judg,3507
threshold,3508
capriat,3509
cantones,3510
farmyard,3511
roam,3512
fossaceca,3513
neutral,3514
detract,3515
liveli,3516
fuss,3517
senator,3518
cappelli,3519
spelt,3520
solina,3521
tramontano,3522
nicoletta,3523
gargnano,3524
previous,3525
aic,3526
network,3527
coeliac,3528
therefor,3529
stronghold,3530
baglioni,3531
1913,3532
midday,3533
libertystyl,3534
mediterraneaninspir,3535
annunziata,3536
ricci,3537
icehous,3538
giuliano,3539
baldessari,3540
provocazioni,3541
per,3542
linen,3543
intent,3544
playground,3545
boredom,3546
banal,3547
banish,3548
effect,3549
barcumrestaur,3550
genoa,3551
marketfresh,3552
patienc,3553
180,3554
venosta,3555
theatric,3556
gerhard,3557
wieser,3558
indian,3559
ivana,3560
help,3561
prais,3562
due,3563
florian,3564
reggio,3565
1968,3566
mamma,3567
teresa,3568
papa,3569
highqual,3570
galaxi,3571
berton,3572
lakeinspir,3573
brezza,3574
neapolitaninfluenc,3575
acquolina,3576
total,3577
wish,3578
babà,3579
lago,3580
honour,3581
duti,3582
souschef,3583
biolo,3584
daria,3585
determinedli,3586
supervis,3587
advis,3588
eateri,3589
prolong,3590
vibo,3591
valentia,3592
princip,3593
marmi,3594
preced,3595
layout,3596
edoardo,3597
fumag,3598
straordinario,3599
trentinomenu,3600
arlecchino,3601
trentingrana,3602
bisqu,3603
chardonnay,3604
puf,3605
amaranth,3606
adjac,3607
constant,3608
pico,3609
gallo,3610
mexican,3611
conchiglioni,3612
bechamel,3613
samphir,3614
venetianbàcaro,3615
berghotel,3616
ladinia,3617
ladinstyl,3618
moi,3619
fleme,3620
northwest,3621
thoma,3622
vittorio,3623
emanuel,3624
ii,3625
cracco,3626
carlo,3627
broader,3628
portofino,3629
opportun,3630
vistamar,3631
romagnol,3632
pinchiorri,3633
ottagono,3634
venezia,3635
giulia,3636
tapestri,3637
cevich,3638
1602,3639
canederli,3640
pressati,3641
buchteln,3642
schlutzkrapfen,3643
hike,3644
durnwald,3645
vall,3646
aurina,3647
sfogli,3648
patat,3649
sauerkraut,3650
guis,3651
stack,3652
firma,3653
dello,3654
drip,3655
terra,3656
acqua,3657
function,3658
wrought,3659
iron,3660
quest,3661
vezzani,3662
gli,3663
intramontabili,3664
bocca,3665
piedi,3666
agnelli,3667
showroom,3668
manufactur,3669
cookwar,3670
disheswith,3671
lucio,3672
testa,3673
sheepfold,3674
950m,3675
lamp,3676
cabbag,3677
guido,3678
beneventano,3679
aspic,3680
aimo,3681
montecuccoli,3682
barcumpastri,3683
voce,3684
sculptur,3685
steel,3686
cube,3687
dobbiaco,3688
tilia,3689
2010,3690
12,3691
chri,3692
oberhamm,3693
klaud,3694
anita,3695
mancini,3696
loop,3697
1947,3698
cattivelli,3699
conserv,3700
macaroni,3701
inhous,3702
caramelis,3703
shallot,3704
claroni,3705
finess,3706
coquu,3707
pedestrian,3708
climb,3709
idyl,3710
extravag,3711
amor,3712
miso,3713
yellow,3714
plum,3715
fingerlim,3716
rosmarino,3717
borag,3718
sbira,3719
linguaglossa,3720
pennisi,3721
santoro,3722
longstand,3723
extraordinarili,3724
volcan,3725
soil,3726
unrival,3727
advantag,3728
magnum,3729
forlì,3730
discreetli,3731
mean,3732
bachelor,3733
brasseri,3734
sandwich,3735
padova,3736
mocellin,3737
cassoeula,3738
saor,3739
stuff,3740
underli,3741
oldfashion,3742
photograph,3743
eaten,3744
acaja,3745
cardi,3746
gobbi,3747
cannot,3748
contemporan,3749
carrara,3750
extra,3751
worldfam,3752
saturday,3753
hall,3754
tailor,3755
tailormad,3756
bespok,3757
yorkstyl,3758
sum,3759
sincer,3760
tenaci,3761
outdoorallariain,3762
hermitag,3763
charg,3764
valid,3765
offida,3766
regularli,3767
crop,3768
ciociaria,3769
arcinazzo,3770
plateau,3771
bottega,3772
aminta,3773
50ha,3774
pesticid,3775
fork,3776
friendship,3777
prompt,3778
seta,3779
worri,3780
maurilio,3781
beverag,3782
sake,3783
immers,3784
staf,3785
prototyp,3786
presenc,3787
tufa,3788
intric,3789
underground,3790
passag,3791
malatesta,3792
escap,3793
forget,3794
twenti,3795
lot,3796
land,3797
sergio,3798
annarita,3799
utmost,3800
trapani,3801
moro,3802
deepli,3803
bandi,3804
spice,3805
trapanistyl,3806
seri,3807
hairpin,3808
equa,3809
vico,3810
fortifi,3811
introduct,3812
await,3813
gennaro,3814
esposito,3815
vital,3816
beaten,3817
track,3818
bartolo,3819
sassoferrato,3820
distinguish,3821
jurist,3822
anise,3823
popolo,3824
faster,3825
aircondit,3826
exposedston,3827
respit,3828
bergamot,3829
warrior,3830
statu,3831
6c,3832
bc,3833
discov,3834
capestrano,3835
aquila,3836
1934,3837
carv,3838
block,3839
mysteri,3840
smallscal,3841
strombolicchio,3842
dryag,3843
character,3844
cohes,3845
brindo,3846
realiti,3847
engag,3848
territori,3849
tortelloni,3850
fiorentina,3851
hot,3852
fame,3853
ostiens,3854
crowd,3855
gricia,3856
taco,3857
sprout,3858
hummu,3859
mayo,3860
umberto,3861
modica,3862
autumnbas,3863
flan,3864
superbl,3865
cappellaccio,3866
sage,3867
dellimperator,3868
9pm,3869
sashimi,3870
trust,3871
monkfish,3872
kelp,3873
frediano,3874
comacina,3875
balbianello,3876
coffeepair,3877
complic,3878
brescian,3879
brianza,3880
geograph,3881
cell,3882
boathous,3883
torregrotta,3884
achiev,3885
antechamb,3886
tricesimo,3887
woodburn,3888
fogher,3889
valpolicella,3890
pastureland,3891
lessinia,3892
compet,3893
reward,3894
mandarin,3895
guida,3896
speci,3897
oili,3898
spatula,3899
bonito,3900
whelk,3901
kidney,3902
rosina,3903
marostica,3904
consum,3905
jacopo,3906
chieppa,3907
mirazur,3908
menton,3909
antica,3910
corona,3911
picnic,3912
mupa,3913
melania,3914
ischia,3915
maqui,3916
shrub,3917
postdinn,3918
conceptbas,3919
sappada,3920
kratter,3921
skier,3922
1700,3923
selftaught,3924
conveni,3925
stafler,3926
girtler,3927
gatto,3928
luigia,3929
laura,3930
gilmor,3931
au,3932
36month,3933
montreal,3934
canada,3935
spit,3936
pear,3937
puré,3938
folli,3939
astra,3940
bravo,3941
boccondivino,3942
spezia,3943
brunico,3944
moessmer,3945
fabric,3946
prelud,3947
ahrntal,3948
como,3949
sukiyaki,3950
celebratori,3951
cagliari,3952
josta,3953
breed,3954
saba,3955
pharmaci,3956
juri,3957
tuscaninspir,3958
bramea,3959
encompass,3960
contin,3961
calandr,3962
complement,3963
raffael,3964
classico,3965
max,3966
raf,3967
familiar,3968
passi,3969
doro,3970
cappuccino,3971
ink,3972
souvenir,3973
deservedli,3974
boccadass,3975
instead,3976
sparingli,3977
steve,3978
job,3979
memorabilia,3980
comput,3981
geniu,3982
carmelo,3983
trentacosti,3984
logo,3985
sourdough,3986
shown,3987
balconi,3988
guess,3989
commerci,3990
perugia,3991
nowaday,3992
omit,3993
articl,3994
preposit,3995
calamaro,3996
piselli,3997
written,3998
letter,3999
evelyn,4000
settl,4001
arco,4002
done,4003
supper,4004
meateat,4005
refriger,4006
beech,4007
lend,4008
bucol,4009
goos,4010
1945,4011
piacenza,4012
lost,4013
dellolio,4014
vial,4015
bono,4016
25km,4017
glassfront,4018
olbia,4019
19cstyle,4020
nameindiniòmean,4021
nowher,4022
carnian,4023
realis,4024
indiniò,4025
muscat,4026
organis,4027
loft,4028
cason,4029
danc,4030
junior,4031
makorè,4032
stracciatella,4033
ventresca,4034
gurnard,4035
giardiniera,4036
deepgold,4037
abat,4038
fortana,4039
pancetta,4040
ravarotto,4041
filindeu,4042
late18c,4043
murano,4044
allud,4045
miseria,4046
nobiltà,4047
annurca,4048
item,4049
aquarium,4050
banco,4051
napoli,4052
ditalia,4053
pasticceria,4054
quicker,4055
candel,4056
becam,4057
motiv,4058
desir,4059
senal,4060
cauldron,4061
parquet,4062
roofbeam,4063
hearti,4064
justic,4065
sarca,4066
wisteriashad,4067
giada,4068
miori,4069
carn,4070
salada,4071
dirt,4072
11c,4073
15,4074
nunziata,4075
threestar,4076
heinz,4077
beck,4078
parretti,4079
pannicolo,4080
hanger,4081
nemi,4082
18,4083
hectar,4084
threemichelinstar,4085
renzi,4086
prove,4087
barolo,4088
1km,4089
brunel,4090
proven,4091
innikkeistyl,4092
flight,4093
dannunzio,4094
brilliant,4095
christian,4096
rainer,4097
know,4098
cerreto,4099
guidi,4100
ps,4101
petriolo,4102
cinta,4103
senes,4104
cereal,4105
golpaia,4106
mediumstructur,4107
merlot,4108
bresciana,4109
goodvalueformoney,4110
shuttl,4111
bu,4112
phone,4113
filosofi,4114
stonework,4115
maurizio,4116
alciati,4117
monica,4118
magnini,4119
perpetu,4120
lidia,4121
fabio,4122
sgrò,4123
offthemenu,4124
peninsula,4125
cestello,4126
ristoclub,4127
exact,4128
franco,4129
franciosi,4130
withsolinawheat,4131
juliet,4132
admiss,4133
fee,4134
payabl,4135
stalwart,4136
martino,4137
castrozza,4138
prà,4139
nass,4140
scala,4141
ravello,4142
salcheto,4143
montepulciano,4144
homestyl,4145
oak,4146
gnocchetti,4147
broad,4148
1973,4149
arbour,4150
cappon,4151
magro,4152
merano,4153
fragsburg,4154
fairytalelik,4155
tyrol,4156
prezioso,4157
egon,4158
heiss,4159
fune,4160
shoulder,4161
sard,4162
scottadito,4163
maschio,4164
angioino,4165
nuovo,4166
pastalov,4167
sushistyl,4168
overview,4169
quantiti,4170
ethnic,4171
psych,4172
adept,4173
hibiscu,4174
blackberri,4175
miramonti,4176
laltro,4177
arianna,4178
gatti,4179
basilica,4180
zeno,4181
patron,4182
saint,4183
trani,4184
20min,4185
toritto,4186
burrata,4187
murgia,4188
grano,4189
arso,4190
spitroast,4191
cling,4192
sibilla,4193
tiglio,4194
recanati,4195
destroy,4196
2016,4197
earthquak,4198
mazzaroni,4199
pheasant,4200
tobiko,4201
ritorno,4202
transumanza,4203
chitterl,4204
normal,4205
gift,4206
orchard,4207
gambero,4208
sculli,4209
decid,4210
emigr,4211
chapter,4212
septemb,4213
dolc,4214
maltagliati,4215
golf,4216
chain,4217
dent,4218
gigant,4219
propos,4220
difficulti,4221
encount,4222
energet,4223
elisa,4224
win,4225
handmad,4226
ossobuco,4227
lengthway,4228
bolognes,4229
palomba,4230
cinti,4231
umbrichelli,4232
fifth,4233
torri,4234
distil,4235
alemb,4236
alfonso,4237
crisci,4238
fondazion,4239
rovati,4240
aprea,4241
lifelong,4242
eponym,4243
visual,4244
urban,4245
skylin,4246
circular,4247
leaf,4248
clad,4249
bucchero,4250
vase,4251
lean,4252
gaze,4253
toward,4254
contemporaneità,4255
5cours,4256
partenop,4257
6cours,4258
52,4259
caffè,4260
redefin,4261
familystyl,4262
degan,4263
thecarbonara,4264
dellosteria,4265
thebaccalà,4266
vicentinadri,4267
fullbodi,4268
soon,4269
follina,4270
1704,4271
silk,4272
vatican,4273
quinto,4274
quarto,4275
tenerina,4276
vera,4277
esperienza,4278
musciora,4279
gualdo,4280
cattaneo,4281
foligno,4282
grottino,4283
zerokm,4284
prussian,4285
forti,4286
cloister,4287
brunch,4288
break,4289
bundl,4290
colleagu,4291
ripetta,4292
refectori,4293
convent,4294
bistrolik,4295
bufala,4296
basil,4297
expon,4298
caoda,4299
cibreo,4300
catherin,4301
said,4302
attempt,4303
unsuccess,4304
export,4305
rack,4306
pezzo,4307
lesina,4308
revolv,4309
gallar,4310
contemporanea,4311
cembra,4312
motherandson,4313
sara,4314
mathia,4315
doorway,4316
stem,4317
card,4318
exuber,4319
merit,4320
dissect,4321
sereno,4322
architect,4323
patricia,4324
urquiola,4325
consumm,4326
asianinfluenc,4327
umbrella,4328
monfettini,4329
mantecati,4330
manti,4331
shrimp,4332
salon,4333
colomb,4334
dove,4335
alessio,4336
longhini,4337
18ha,4338
dynasti,4339
rubik,4340
campsit,4341
austrian,4342
romanesco,4343
schüttelbrot,4344
member,4345
predilect,4346
ovalshap,4347
roy,4348
cacer,4349
radicchio,4350
drape,4351
acireal,4352
mount,4353
uninterest,4354
grandeur,4355
press,4356
remi,4357
silvana,4358
robi,4359
300,4360
rum,4361
anto,4362
struck,4363
mini,4364
nicastro,4365
lamezia,4366
lepor,4367
origini,4368
mano,4369
libera,4370
warmli,4371
sister,4372
stefania,4373
miraval,4374
riva,4375
sizzl,4376
suburb,4377
semifreddo,4378
dough,4379
kalò,4380
secret,4381
salvo,4382
wait,4383
repubblica,4384
pachino,4385
chilli,4386
chianina,4387
liver,4388
bestqual,4389
augusto,4390
valzelli,4391
fishlov,4392
crudo,4393
donato,4394
boar,4395
caramel,4396
parliament,4397
bresciastyl,4398
favorita,4399
scuncilli,4400
lettuc,4401
radish,4402
capres,4403
archaeolog,4404
meticul,4405
cane,4406
seriana,4407
isol,4408
system,4409
livestock,4410
welfar,4411
lazzarini,4412
18th,4413
variat,4414
12c,4415
pirro,4416
befit,4417
vegetali,4418
macaroon,4419
contaminazioni,4420
dimora,4421
ulmo,4422
wast,4423
minimum,4424
circularbas,4425
sixti,4426
andreina,4427
errico,4428
surviv,4429
ember,4430
aforement,4431
neorur,4432
svevo,4433
assunta,4434
quintessenza,4435
prino,4436
pastel,4437
mild,4438
climat,4439
faultless,4440
weve,4441
sarri,4442
beansprout,4443
oneglia,4444
gastrosteria,4445
beig,4446
promis,4447
locatello,4448
dens,4449
fir,4450
speck,4451
redcurr,4452
lugano,4453
gae,4454
aulenti,4455
grouper,4456
mazara,4457
fuori,4458
norma,4459
wrap,4460
dock,4461
timber,4462
ala,4463
elba,4464
giglio,4465
montecristo,4466
argentario,4467
rossi,4468
ostuni,4469
paragon,4470
conjur,4471
highlevel,4472
aretusi,4473
sotto,4474
larco,4475
pantheon,4476
offici,4477
chairman,4478
mao,4479
cordero,4480
elid,4481
giampiero,4482
everexpand,4483
1956,4484
substanc,4485
happili,4486
bore,4487
januari,4488
newest,4489
attimi,4490
cucina,4491
momento,4492
contemporaneo,4493
byblo,4494
fattori,4495
poderi,4496
laghi,4497
campi,4498
orti,4499
500,4500
antinori,4501
passignano,4502
resolut,4503
cleverli,4504
standout,4505
notabl,4506
gel,4507
piccion,4508
tutto,4509
un,4510
potent,4511
gamay,4512
trasimeno,4513
opra,4514
alcohol,4515
content,4516
145,4517
trucco,4518
roia,4519
ventimiglia,4520
ferri,4521
fairli,4522
ghirlanda,4523
collin,4524
metallifer,4525
vegetablemeat,4526
fattyacid,4527
sweetsour,4528
softcrunchi,4529
subdivid,4530
bracali,4531
dioces,4532
social,4533
refuge,4534
rotat,4535
catalogu,4536
giardinetto,4537
centenari,4538
giulio,4539
quintilio,4540
lorena,4541
ligurianstyl,4542
bazzano,4543
renaissancestyl,4544
palladiana,4545
grandi,4546
lanza,4547
col,4548
550m,4549
cabl,4550
pellegrino,4551
moena,4552
burger,4553
bestlov,4554
bike,4555
athlet,4556
recharg,4557
station,4558
ebik,4559
maratea,4560
1981,4561
ingredientsfor,4562
maximum,4563
6,4564
roomcellar,4565
preciou,4566
big,4567
convinc,4568
rispoli,4569
uphold,4570
escabechestyl,4571
cheesecak,4572
toffe,4573
remulass,4574
dress,4575
mislead,4576
eventu,4577
led,4578
winethem,4579
baroni,4580
ringroad,4581
nottobemiss,4582
torta,4583
fritta,4584
ingles,4585
trifl,4586
peruvian,4587
marciana,4588
coton,4589
stilla,4590
silvia,4591
sear,4592
papavero,4593
poppi,4594
tall,4595
exactli,4596
jasmin,4597
strawseat,4598
pucia,4599
sangro,4600
identifi,4601
appar,4602
spellbound,4603
cetona,4604
jovial,4605
runner,4606
cjarson,4607
cistern,4608
coll,4609
delsa,4610
frantoio,4611
sassari,4612
honest,4613
champagneria,4614
antonella,4615
satisfi,4616
eugenio,4617
boer,4618
contrari,4619
freedom,4620
lo,4621
stagional,4622
flexibl,4623
lucca,4624
author,4625
comic,4626
uliveto,4627
35,4628
nive,4629
cardelli,4630
tournedo,4631
rossini,4632
remot,4633
roomcumveranda,4634
stray,4635
scottojonno,4636
chantant,4637
africa,4638
charcuteri,4639
winckel,4640
general,4641
amaron,4642
1870,4643
tale,4644
fellow,4645
marinara,4646
oregano,4647
ticket,4648
issu,4649
sanbrit,4650
larch,4651
pasquo,4652
harbour,4653
leon,4654
crafun,4655
krapf,4656
ragú,4657
augustu,4658
criteria,4659
ancestr,4660
everyday,4661
minimis,4662
brioch,4663
stracchino,4664
stranger,4665
wealth,4666
1850,4667
sixth,4668
mecca,4669
padana,4670
bro,4671
synonym,4672
floriano,4673
isabella,4674
potì,4675
23,4676
noholdsbar,4677
società,4678
operaia,4679
mutuo,4680
soccorso,4681
som,4682
mutual,4683
truer,4684
pivot,4685
cicetta,4686
elia,4687
gate,4688
pievasciata,4689
visibilio,4690
canella,4691
twomichelinstar,4692
iannotti,4693
krèsio,4694
teles,4695
fingerfood,4696
rhubarb,4697
absinth,4698
teem,4699
trabalzini,4700
rossella,4701
fasano,4702
australia,4703
sensori,4704
poultri,4705
arva,4706
rialto,4707
panfilio,4708
cipolla,4709
kistè,4710
treasur,4711
trove,4712
tild,4713
accent,4714
allus,4715
seek,4716
vallefredda,4717
avantgard,4718
underlin,4719
proxim,4720
museumlik,4721
parkland,4722
lawn,4723
matur,4724
gualtieri,4725
betterknown,4726
loos,4727
major,4728
fair,4729
bulgari,4730
mausoleum,4731
mahogani,4732
leas,4733
ciccio,4734
flaminio,4735
discoveri,4736
groan,4737
basic,4738
principl,4739
mantarro,4740
nich,4741
bounti,4742
volcano,4743
cerami,4744
orta,4745
guilio,4746
moorishstyl,4747
aristocrat,4748
crespi,4749
equens,4750
wider,4751
norbert,4752
niederkofl,4753
toè,4754
sforzesco,4755
naturalwood,4756
casual,4757
greener,4758
anacapri,4759
semihidden,4760
brightli,4761
elich,4762
migliaccio,4763
tano,4764
simonato,4765
key,4766
nourish,4767
tiramisù,4768
cannoli,4769
drop,4770
jam,4771
immortalis,4772
writer,4773
montal,4774
poetri,4775
vineshad,4776
nordic,4777
francigena,4778
monteriggioni,4779
abbadia,4780
isola,4781
romanesqu,4782
futura,4783
monk,4784
levanto,4785
mercato,4786
erb,4787
ahimé,4788
1967,4789
agliata,4790
bosana,4791
shark,4792
burrida,4793
cagliaritana,4794
dogfish,4795
strait,4796
secondfloor,4797
snapper,4798
seaurchin,4799
lumpfish,4800
dice,4801
cucumb,4802
kindergarten,4803
panissa,4804
naval,4805
rex,4806
transatlant,4807
liner,4808
ultrafresh,4809
puntarel,4810
apreda,4811
iconica,4812
sapidità,4813
essenziali,4814
idylio,4815
butterfli,4816
pomposa,4817
rebuilt,4818
1717,4819
marchini,4820
noto,4821
baglieri,4822
recycl,4823
ampezzo,4824
waiter,4825
file,4826
incompar,4827
gaspari,4828
pastur,4829
juneaugust,4830
2024quarto,4831
marianna,4832
twelv,4833
account,4834
allergi,4835
intoler,4836
mind,4837
feria,4838
bistrobar,4839
feltrin,4840
indonesian,4841
régi,4842
ramo,4843
clitunno,4844
wellmanag,4845
ztl,4846
zone,4847
enzo,4848
coccia,4849
stringi,4850
mpustarella,4851
fivegrain,4852
wholem,4853
fritti,4854
53,4855
94a,4856
deep,4857
bonfadini,4858
outstand,4859
cannaregio,4860
encourag,4861
900m,4862
geiser,4863
emblemat,4864
passiria,4865
termeno,4866
sirmiano,4867
terlano,4868
sciliar,4869
catinaccio,4870
latemar,4871
pescara,4872
nole,4873
barbistro,4874
peru,4875
pot,4876
umbrin,4877
atyp,4878
saltwort,4879
umeboshi,4880
yuyo,4881
americano,4882
yuzu,4883
laurel,4884
mudec,4885
loungestyl,4886
vibe,4887
fefa,4888
diminut,4889
genoveffa,4890
streamlin,4891
côtesdurhôn,4892
nascosto,4893
postomean,4894
terni,4895
livorno,4896
nobless,4897
vignola,4898
oblig,4899
angelo,4900
sauté,4901
gerri,4902
proprietor,4903
carrot,4904
beluga,4905
wellchosen,4906
palmi,4907
vinaigrett,4908
intrusi,4909
nonfish,4910
eater,4911
cannolo,4912
nicolini,4913
dellanfiteatro,4914
trap,4915
power,4916
sensat,4917
tantalis,4918
industrialstyl,4919
formichella,4920
piacentina,4921
withcicciolipork,4922
scratch,4923
fussi,4924
amaz,4925
donkey,4926
saracca,4927
her,4928
gorgnalini,4929
dash,4930
lane,4931
dryston,4932
baracchi,4933
falconier,4934
accursio,4935
craparo,4936
tad,4937
treviso,4938
vite,4939
emot,4940
marca,4941
frût,4942
pow,4943
vegetablebas,4944
10cours,4945
im,4946
morti,4947
rick,4948
salama,4949
pasticcio,4950
maccheroni,4951
est,4952
crew,4953
marzullo,4954
cumin,4955
peanut,4956
47,4957
redevelop,4958
cotton,4959
framework,4960
merlo,4961
sapio,4962
roberta,4963
cozzetto,4964
ingiulla,4965
school,4966
drawn,4967
mid,4968
negrini,4969
pisani,4970
omaggio,4971
milano,4972
perus,4973
tablet,4974
hardtofind,4975
volp,4976
ponza,4977
coastlin,4978
vista,4979
numana,4980
50m,4981
sirmion,4982
loungecumwin,4983
avant,4984
gard,4985
claudia,4986
piastrino,4987
montefeltro,4988
longheld,4989
nurtur,4990
agostini,4991
spaghetto,4992
greencolour,4993
latini,4994
marecchia,4995
dusti,4996
rosewood,4997
castiglion,4998
temperini,4999
brunello,5000
montalcino,5001
drago,5002
link,5003
reclam,5004
marsh,5005
esperanto,5006
merchant,5007
1966,5008
ginetta,5009
arcangelo,5010
tinari,5011
angela,5012
peppino,5013
pascal,5014
maiella,5015
beerlov,5016
cast,5017
starstud,5018
lavazza,5019
nuvola,5020
spaniard,5021
ferran,5022
adrià,5023
consult,5024
zanasi,5025
fulltim,5026
giacomo,5027
caravello,5028
milazzo,5029
cuisinewhich,5030
yeari,5031
assur,5032
1895,5033
groceri,5034
129,5035
cesar,5036
battisti,5037
branca,5038
bernardo,5039
strozzi,5040
1618,5041
ivano,5042
ricchebono,5043
cantinon,5044
buckwheat,5045
masanti,5046
colmetto,5047
jerusalem,5048
fluffi,5049
cloud,5050
drawback,5051
addict,5052
udin,5053
betray,5054
1877,5055
courmayeur,5056
pick,5057
tegamaccio,5058
enclav,5059
angiolieri,5060
laccanto,5061
shortag,5062
benso,5063
count,5064
chiaracia,5065
20menu,5066
20km,5067
radiu,5068
montoro,5069
itscipolla,5070
ramatacopp,5071
cerrato,5072
octob,5073
fit,5074
plantthem,5075
affinita,5076
mid1960,5077
giuliana,5078
italianstyl,5079
meringu,5080
francesca,5081
riesl,5082
object,5083
mandilli,5084
brodetto,5085
vastes,5086
foremost,5087
innocenti,5088
passata,5089
vietri,5090
direzion,5091
costiera,5092
abbarbicata,5093
uno,5094
scoglio,5095
digradant,5096
verso,5097
troveret,5098
giardini,5099
fuenti,5100
struttura,5101
ricettiva,5102
comprensiva,5103
spiaggia,5104
terrazzato,5105
aperto,5106
solo,5107
pranzo,5108
svolgono,5109
anch,5110
spettacoli,5111
ampio,5112
raggio,5113
legati,5114
mondo,5115
cibo,5116
vino,5117
vetrat,5118
affacciano,5119
sulla,5120
meraviglia,5121
circostant,5122
blasio,5123
propon,5124
elaborata,5125
spesso,5126
luce,5127
rivisitazion,5128
campani,5129
venata,5130
moderno,5131
minimalismo,5132
nellelencazion,5133
carta,5134
nei,5135
menù,5136
degustazion,5137
noi,5138
abbiamo,5139
apprezzato,5140
soprattutto,5141
ottimi,5142
generosi,5143
stuzzichini,5144
benvenuto,5145
loscar,5146
lasinello,5147
vietres,5148
lanimella,5149
agrumi,5150
noci,5151
rucola,5152
fastpac,5153
littleknown,5154
bacchu,5155
artnouveau,5156
fenoglio,5157
settepiatti,5158
construct,5159
sport,5160
birthplac,5161
leopardi,5162
bertini,5163
banfi,5164
grappoli,5165
francon,5166
histaralliand,5167
exquisitepanzerotti,5168
langosteria,5169
holiday,5170
sibl,5171
bagni,5172
paraggi,5173
glamor,5174
uptod,5175
candl,5176
bufi,5177
frammentith,5178
sensazioni,5179
equinozio,5180
dautunnoa,5181
dalla,5182
terrainterest,5183
coffer,5184
fusillon,5185
velouté,5186
eruzion,5187
1614,5188
carricant,5189
ugento,5190
madama,5191
piola,5192
ronchi,5193
rò,5194
estatecumagriturismo,5195
issa,5196
concattedral,5197
apostolo,5198
aurora,5199
sila,5200
fertil,5201
divers,5202
biafora,5203
grower,5204
econom,5205
emphasis,5206
calabrian,5207
pùzalyandchjùbica,5208
sevencours,5209
pisser,5210
paola,5211
cirò,5212
eleven,5213
palmento,5214
raciti,5215
ricordi,5216
viaggi,5217
esperienz,5218
early19c,5219
biohotel,5220
202223,5221
took,5222
risoni,5223
torchiettibistro,5224
imag,5225
caribbean,5226
tortuga,5227
holder,5228
albergo,5229
diffuso,5230
boeri,5231
tour,5232
fischetti,5233
1988,5234
founder,5235
women,5236
michelina,5237
granddaught,5238
falco,5239
ethic,5240
porchettastyl,5241
scottish,5242
misurina,5243
deal,5244
tenderloin,5245
drycur,5246
cep,5247
ampezzostyl,5248
pompanin,5249
langa,5250
lili,5251
impli,5252
ampl,5253
sultano,5254
chard,5255
todi,5256
rosemaryflavour,5257
sorbet,5258
2022,5259
windsor,5260
laigueglia,5261
savô,5262
earn,5263
archangel,5264
barbara,5265
remo,5266
1987,5267
western,5268
speranzina,5269
spaghetton,5270
espelett,5271
gobbetto,5272
gnudi,5273
fossa,5274
perticara,5275
scent,5276
woodsmok,5277
maiz,5278
camaldoli,5279
cedro,5280
casentino,5281
laquila,5282
simon,5283
ciuffetelli,5284
frequent,5285
crunchi,5286
whitechocol,5287
disguis,5288
sprinkl,5289
liquoric,5290
powder,5291
bellaria,5292
nineteenth,5293
recur,5294
meucci,5295
undoubt,5296
busier,5297
touristfrequ,5298
question,5299
ziantoni,5300
byzantin,5301
pagliazza,5302
rocco,5303
santi,5304
blanch,5305
baldo,5306
giasàra,5307
atmosphereon,5308
permittingand,5309
wander,5310
volum,5311
baja,5312
smeralda,5313
cannelloni,5314
salicornia,5315
1959,5316
longestheld,5317
zabaion,5318
sambuca,5319
undisput,5320
arnaldo,5321
calf,5322
trotter,5323
gravi,5324
sfoglin,5325
pastamak,5326
filippetto,5327
pock,5328
mediterraneaninfluenc,5329
curtaton,5330
mincio,5331
beacon,5332
salsa,5333
slowcook,5334
riomaggior,5335
split,5336
arrosticini,5337
mazzarel,5338
teraman,5339
solar,5340
sansepolcro,5341
revisit,5342
aeolian,5343
caruso,5344
signum,5345
vibrant,5346
forth,5347
hide,5348
cousin,5349
tiberio,5350
piazzetta,5351
casatiello,5352
valuabl,5353
scapecchi,5354
arno,5355
softli,5356
exchang,5357
masterchef,5358
gaetano,5359
trovato,5360
arnolfo,5361
grandfath,5362
1958,5363
pavement,5364
onward,5365
americanstyl,5366
gardencumol,5367
scarello,5368
lai,5369
lagunamar,5370
biodivers,5371
aperitifstyl,5372
8pm,5373
restructur,5374
fracassi,5375
geographi,5376
inexhaust,5377
upon,5378
impass,5379
forgotten,5380
rediscov,5381
neglect,5382
moresca,5383
procida,5384
unmistak,5385
silhouett,5386
mainland,5387
carannant,5388
daunt,5389
task,5390
aplomb,5391
damask,5392
candlestick,5393
1979,5394
men,5395
pino,5396
cuttaia,5397
tomatobas,5398
domenica,5399
baglio,5400
cristo,5401
campobello,5402
adènzia,5403
earthi,5404
barcumosteria,5405
impero,5406
borgobrufa,5407
scandinavia,5408
gabicc,5409
posillipo,5410
pordenon,5411
aviano,5412
magredi,5413
canton,5414
150th,5415
birthday,5416
friulivenezia,5417
all,5418
nazioni,5419
sasso,5420
snow,5421
brasato,5422
greater,5423
bottoni,5424
varaita,5425
shiroya,5426
gyoza,5427
ramen,5428
toblino,5429
coxinendicook,5430
atzeni,5431
hosomaki,5432
manuela,5433
25th,5434
chignola,5435
gone,5436
champion,5437
1939,5438
withzabaion,5439
spin,5440
filanda,5441
lose,5442
ciaffagnon,5443
perez,5444
pompei,5445
sagramoso,5446
conservatori,5447
modifi,5448
soufflé,5449
coniglio,5450
porchetta,5451
toplevel,5452
acquapartita,5453
800m,5454
bravaccini,5455
tartarestyl,5456
encyclopaed,5457
90,5458
impronta,5459
hord,5460
venissa,5461
mazzorbo,5462
dorona,5463
castraur,5464
burano,5465
lacemak,5466
pavan,5467
brutto,5468
ambiental,5469
uffizi,5470
net,5471
cavi,5472
lavagna,5473
alchemi,5474
confin,5475
verbano,5476
pescatori,5477
sacco,5478
borromeo,5479
bella,5480
1887,5481
forbu,5482
grassofat,5483
ox,5484
novemb,5485
easter,5486
raviolifinanzierastew,5487
russian,5488
andbonetprovid,5489
canocchia,5490
ricorda,5491
thepizza,5492
ai,5493
frutti,5494
marewhich,5495
stapl,5496
chioccia,5497
unpretenti,5498
santo,5499
fàula,5500
sirenus,5501
russo,5502
barberini,5503
tortonesi,5504
gianduia,5505
mascarpon,5506
sauna,5507
termini,5508
haut,5509
male,5510
caterina,5511
ceraudo,5512
authorit,5513
marmalad,5514
fixedpric,5515
forerunn,5516
instruct,5517
palaud,5518
belludia,5519
corrado,5520
enorm,5521
martin,5522
lazarov,5523
lucera,5524
swordfish,5525
valtellino,5526
palermino,5527
shred,5528
adjoin,5529
oliveoil,5530
crossvault,5531
revolutionari,5532
counterstyl,5533
aspro,5534
qafiz,5535
omakasetast,5536
1961,5537
signal,5538
teach,5539
fontanafredda,5540
ugo,5541
sensit,5542
velveti,5543
slide,5544
2004,5545
lungarno,5546
mengoni,5547
biscotti,5548
50th,5549
1971,5550
case,5551
langoustin,5552
awardwin,5553
ventricina,5554
bentivoglio,5555
bargellini,5556
varignana,5557
grifon,5558
sacro,5559
funicular,5560
classiccontemporari,5561
threedish,5562
cassinetta,5563
lugagnano,5564
piemont,5565
mancino,5566
straight,5567
theorsoburg,5568
lightli,5569
oneroom,5570
tworoom,5571
virginia,5572
creeper,5573
ruin,5574
guardroom,5575
cicchetti,5576
guarino,5577
interact,5578
strict,5579
agnes,5580
loss,5581
2001,5582
cater,5583
holzner,5584
liberti,5585
stephan,5586
zippl,5587
wagyu,5588
renon,5589
nonalcohol,5590
alcoholfre,5591
chessboard,5592
annamaria,5593
liveliest,5594
workingclass,5595
8point,5596
1938,5597
attilio,5598
busiest,5599
ss13,5600
giano,5601
w,5602
input,5603
taratatà,5604
emcaponada,5605
carpacci,5606
millefogli,5607
sulmona,5608
chitarra,5609
dellorsosemifreddo,5610
halfport,5611
heavili,5612
ribollita,5613
furor,5614
bluh,5615
banner,5616
halffri,5617
scopiccio,5618
pamper,5619
tonola,5620
polignano,5621
passeggiata,5622
modugno,5623
novara,5624
luisa,5625
marelli,5626
valazza,5627
lookout,5628
nightlif,5629
hyatt,5630
hero,5631
garibaldi,5632
abbruzzino,5633
ellipsoid,5634
angler,5635
sultana,5636
turmer,5637
peach,5638
barley,5639
winepar,5640
maîtresommeli,5641
vesta,5642
toni,5643
coco,5644
involtini,5645
cassata,5646
transpar,5647
centuryold,5648
plane,5649
1126,5650
adami,5651
explos,5652
cedron,5653
bertelli,5654
evergrow,5655
sabino,5656
fortunato,5657
chatgpt,5658
stelvio,5659
pomegran,5660
deer,5661
consumpt,5662
800,5663
masè,5664
tonic,5665
cheesebas,5666
fonduta,5667
saporito,5668
dalpeggio,5669
spot,5670
carlofortinian,5671
onto,5672
onlin,5673
ladininspir,5674
brazier,5675
screen,5676
cilenti,5677
whichev,5678
hoc,5679
porcelain,5680
punctual,5681
mottaron,5682
400m,5683
speak,5684
blason,5685
metalwork,5686
disappoint,5687
honey,5688
pasqual,5689
laera,5690
rule,5691
code,5692
broaden,5693
suggestionsinclud,5694
menuof,5695
target,5696
thorough,5697
cartoccio,5698
castelmagno,5699
sapid,5700
8,5701
raia,5702
180hectar,5703
novi,5704
ligur,5705
gavi,5706
cairo,5707
steiner,5708
employe,5709
ecosystem,5710
sei,5711
prevail,5712
easier,5713
suvereto,5714
crackl,5715
brill,5716
fauna,5717
schito,5718
teano,5719
provola,5720
agerola,5721
castelpoto,5722
casertona,5723
alpago,5724
ezio,5725
palumbo,5726
catucci,5727
colonnata,5728
lardo,5729
chestnutflour,5730
captiv,5731
schlosswirt,5732
forst,5733
luisl,5734
haller,5735
spimpolo,5736
budget,5737
stella,5738
gestur,5739
us,5740
ritual,5741
exagger,5742
cimbron,5743
posit,5744
versilian,5745
openplan,5746
sturgeon,5747
wellspacedout,5748
agostino,5749
iacobucci,5750
zarri,5751
late16c,5752
valentina,5753
maioni,5754
signor,5755
40year,5756
fabrizio,5757
mellino,5758
ran,5759
hen,5760
quattro,5761
roquefort,5762
rocket,5763
marzano,5764
monferrini,5765
violetta,5766
romana,5767
buzz,5768
pub,5769
natalini,5770
charcoalgril,5771
tartlet,5772
sugihara,5773
chop,5774
crumbl,5775
tofana,5776
tasterossini,5777
teriyaki,5778
excellentmad,5779
larin,5780
builtin,5781
petra,5782
segreta,5783
scrubland,5784
fuoco,5785
chefcumentrepreneur,5786
bergeretto,5787
solociccia,5788
officina,5789
bistecca,5790
specif,5791
widespread,5792
grassland,5793
prosciutto,5794
marubini,5795
moirago,5796
1250,5797
1478,5798
enclos,5799
sformatino,5800
sfogliatina,5801
vanilla,5802
chalet,5803
fondant,5804
ennio,5805
flaiano,5806
featuresarrosticiniskew,5807
abruzzesetorronenam,5808
oh,5809
pe,5810
maiellabi,5811
tagliata,5812
cantucci,5813
conero,5814
breccia,5815
tandoori,5816
masala,5817
capitolo,5818
wherea,5819
tin,5820
giorgia,5821
eugenia,5822
goggi,5823
alici,5824
santandrea,5825
conca,5826
marini,5827
majolica,5828
tile,5829
azur,5830
sky,5831
crescenzo,5832
scotti,5833
fond,5834
vulcano,5835
craftsmanship,5836
praiano,5837
totano,5838
praianes,5839
manuel,5840
tropea,5841
lasina,5842
lattuga,5843
osmosi,5844
fattoria,5845
svetoni,5846
1865,5847
mirko,5848
marcelli,5849
gentian,5850
cajun,5851
northamerican,5852
brandini,5853
zecchin,5854
discipl,5855
queen,5856
smokyflavour,5857
affect,5858
baccala,5859
compatriot,5860
ambit,5861
masaki,5862
kuroda,5863
serendipico,5864
capannori,5865
osashimi,5866
nigiri,5867
teishokuset,5868
tespi,5869
io,5870
silva,5871
lessenza,5872
compani,5873
wellpractis,5874
orchestra,5875
sitea,5876
piedmonteseinfluenc,5877
gilberto,5878
pepenero,5879
intend,5880
refug,5881
entrust,5882
curios,5883
think,5884
compon,5885
maglio,5886
commend,5887
theoret,5888
poor,5889
buffalo,5890
pontinia,5891
turin,5892
fiat,5893
scardina,5894
assisi,5895
antonia,5896
klugmann,5897
slovenian,5898
wineproduc,5899
nel,5900
lussuoso,5901
abbazia,5902
ambienti,5903
sontuosi,5904
imprezios,5905
camino,5906
affreschi,5907
decorazioni,5908
depoca,5909
laltrettanto,5910
elegant,5911
servizio,5912
allaperto,5913
stagion,5914
sono,5915
cornic,5916
francica,5917
giovan,5918
cuoco,5919
quasi,5920
allevato,5921
declinata,5922
vegetariano,5923
scomponibili,5924
proposta,5925
è,5926
fresca,5927
colorata,5928
verdur,5929
dallorto,5930
proprietà,5931
provenienti,5932
fidati,5933
produttori,5934
più,5935
locali,5936
ottima,5937
scelta,5938
enoica,5939
particolar,5940
risultato,5941
unesperienza,5942
seral,5943
tondo,5944
completata,5945
sosta,5946
informal,5947
slaughterhous,5948
1927,5949
wasnt,5950
wrong,5951
cotoletta,5952
rebrand,5953
aria,5954
castelli,5955
romani,5956
cacciani,5957
fatherandson,5958
neri,5959
sine,5960
pizzetta,5961
palamita,5962
confini,5963
croce,5964
trafficlimit,5965
11am10pm,5966
summertim,5967
leocorno,5968
contrada,5969
langella,5970
erborinato,5971
raphaël,5972
venart,5973
rariti,5974
orangeri,5975
ascani,5976
laguna,5977
glam,5978
instinct,5979
antich,5980
mura,5981
oltr,5982
fazio,5983
quadrilater,5984
honor,5985
vitel,5986
tonnè,5987
stracotto,5988
zabajon,5989
caravella,5990
tourism,5991
imposs,5992
dipino,5993
aglianico,5994
speed,5995
pezzogna,5996
bream,5997
necessari,5998
tâche,5999
unknown,6000
tonino,6001
anyth,6002
olmo,6003
elm,6004
cornaredo,6005
oldani,6006
push,6007
14,6008
merli,6009
3cours,6010
stara,6011
protect,6012
nora,6013
campidano,6014
multistar,6015
volumnia,6016
taglienti,6017
riscoperta,6018
passioni,6019
erba,6020
fogli,6021
couli,6022
welltend,6023
entrecot,6024
daylight,6025
porticciolo,6026
bassetti,6027
pale,6028
tender,6029
mango,6030
ragout,6031
multifunct,6032
barcumbistro,6033
1990,6034
3,6035
amici,6036
pell,6037
non,6038
pomodoro,6039
chicco,6040
unconvent,6041
clue,6042
guancial,6043
ferrero,6044
serina,6045
bresaola,6046
orobica,6047
casoncelli,6048
taragna,6049
strachitunt,6050
capitano,6051
maritozzo,6052
mazzafegato,6053
escarol,6054
3c,6055
passageway,6056
morello,6057
verg,6058
skate,6059
predessert,6060
dwell,6061
deco,6062
nois,6063
disturb,6064
roofgarden,6065
parker,6066
candela,6067
learnt,6068
lama,6069
monachil,6070
jamantè,6071
lord,6072
byron,6073
miki,6074
monterosso,6075
spheric,6076
ciotti,6077
laden,6078
withpiadineflatbread,6079
vermouth,6080
told,6081
strengthen,6082
intensifi,6083
primari,6084
infal,6085
resound,6086
teodoro,6087
besana,6088
chargril,6089
cannonau,6090
myrtleberri,6091
luri,6092
vermentino,6093
villadorata,6094
viviana,6095
vares,6096
carnaghi,6097
weekday,6098
barbecuegril,6099
softer,6100
crust,6101
classi,6102
umbertid,6103
pensando,6104
beatric,6105
gorini,6106
mora,6107
romagnolo,6108
attabl,6109
reconnect,6110
expans,6111
1960,6112
grandma,6113
giuseppa,6114
nephew,6115
buca,6116
santantonio,6117
hang,6118
earth,6119
movi,6120
benjamin,6121
cacao,6122
meravigliao,6123
mazzara,6124
pineta,6125
nondescript,6126
dominican,6127
1442,6128
lightcolour,6129
capelli,6130
dangelo,6131
benedetto,6132
cavalieri,6133
angelhair,6134
galateo,6135
angelina,6136
candlelit,6137
leopoldo,6138
elefant,6139
dentex,6140
escalop,6141
winelov,6142
faraglioni,6143
taster,6144
abeurr,6145
blancal,6146
stalk,6147
oxidis,6148
guidara,6149
nostalgia,6150
barman,6151
infus,6152
peppermint,6153
bartoli,6154
terzavia,6155
appoint,6156
rampant,6157
lime,6158
alassio,6159
trattoriacumdelicatessen,6160
tola,6161
rasa,6162
credenti,6163
boost,6164
karim,6165
lopez,6166
takahiko,6167
kondo,6168
nostri,6169
nostr,6170
nuov,6171
memorieand,6172
breve,6173
viaggio,6174
gucci,6175
diningroom,6176
nicolosi,6177
fermo,6178
soav,6179
malaspina,6180
bottagisio,6181
fishbonestyl,6182
gastro,6183
nina,6184
trulli,6185
wellpres,6186
savona,6187
quintogusto,6188
vescovado,6189
ligurianinfluenc,6190
costabella,6191
suffic,6192
canderli,6193
british,6194
vill,6195
monzaluganegasausag,6196
gremolata,6197
excellentcostoletta,6198
milanesebread,6199
anghiari,6200
battl,6201
alighiero,6202
bringoli,6203
elong,6204
panfri,6205
offshoot,6206
palai,6207
pari,6208
philip,6209
chronopoulo,6210
nolinski,6211
borsa,6212
ellipt,6213
muffl,6214
carpet,6215
hark,6216
joël,6217
robuchon,6218
passard,6219
vicciola,6220
fed,6221
australian,6222
scottona,6223
varena,6224
cavales,6225
evangelista,6226
abbrevi,6227
evan,6228
terraceloung,6229
prosper,6230
fisheri,6231
arabo,6232
sooth,6233
giovanna,6234
fasan,6235
germani,6236
restaurantown,6237
stanzion,6238
california,6239
thailand,6240
pitosforo,6241
peci,6242
iva,6243
630pm,6244
camiano,6245
montefalco,6246
fabrizi,6247
mole,6248
marcello,6249
trentini,6250
versatil,6251
masterli,6252
conceal,6253
masterpiec,6254
falanghina,6255
cacciag,6256
soverato,6257
broast,6258
frisel,6259
moma,6260
camomil,6261
devoto,6262
sarzana,6263
lunigiana,6264
piombino,6265
fortress,6266
consolata,6267
boundari,6268
doorbel,6269
mandura,6270
paradigma,6271
rebosio,6272
everevolv,6273
evidenc,6274
andré,6275
song,6276
crêuza,6277
mä,6278
suili,6279
zhou,6280
homeland,6281
ownerarchitect,6282
vomero,6283
grain,6284
storehous,6285
papal,6286
state,6287
militari,6288
rubiera,6289
malp,6290
savarin,6291
riso,6292
mirella,6293
cantarelli,6294
samboseto,6295
gerani,6296
meltingpot,6297
poder,6298
crenel,6299
keyword,6300
nuzzo,6301
nerina,6302
thecasolètchees,6303
valsugana,6304
andmortandelasalami,6305
buratti,6306
1mq,6307
dorto,6308
emozioni,6309
mad100,6310
natura,6311
greenhous,6312
beccafico,6313
tita,6314
gronchi,6315
applaud,6316
vittoria,6317
delmont,6318
adjust,6319
colleoni,6320
fail,6321
permeat,6322
tune,6323
corvara,6324
ultramodern,6325
boè,6326
piz,6327
kelina,6328
sassongh,6329
varella,6330
deck,6331
teapot,6332
brighten,6333
leather,6334
dim,6335
chamber,6336
lycheeshap,6337
fumiko,6338
sakai,6339
casertano,6340
laticauda,6341
gioconda,6342
rebirth,6343
conceiv,6344
francescana,6345
sheer,6346
disappear,6347
framura,6348
prebugiun,6349
mixtur,6350
taggiasca,6351
austria,6352
valtellines,6353
wear,6354
costum,6355
seeport,6356
ancona,6357
bistrò,6358
thegreentast,6359
calledexperi,6360
carteservic,6361
castlehamlet,6362
traditionalstyl,6363
dellovo,6364
sorrentin,6365
petrosino,6366
531,6367
tenor,6368
modo,6369
mio,6370
thirti,6371
murg,6372
ciclopi,6373
pacif,6374
regal,6375
reggia,6376
venaria,6377
195060,6378
pleasingli,6379
sordi,6380
amaro,6381
matriciana,6382
saltimbocca,6383
hassler,6384
meantim,6385
antonini,6386
chiavari,6387
twentieth,6388
terrin,6389
tuesday,6390
flavia,6391
quel,6392
scordo,6393
ill,6394
2014,6395
acquerello,6396
1926,6397
nardini,6398
terracina,6399
welltrain,6400
lefay,6401
dolom,6402
pinzolo,6403
grual,6404
maezza,6405
fondoval,6406
mugo,6407
alpeggio,6408
montagna,6409
saddl,6410
cardoon,6411
rye,6412
gondola,6413
brigida,6414
ownerrun,6415
vincent,6416
granari,6417
grenier,6418
tumbl,6419
tool,6420
seduc,6421
daosta,6422
emblem,6423
greatgrandfath,6424
burgundi,6425
mission,6426
madonnina,6427
1984,6428
influenti,6429
novelti,6430
futur,6431
dinfanzia,6432
mariella,6433
19842024,6434
polo,6435
eastern,6436
vale,6437
offanengo,6438
crema,6439
everywher,6440
southwest,6441
scabin,6442
rivoli,6443
progress,6444
nearest,6445
capodifium,6446
microcosm,6447
trabe,6448
hydroelectr,6449
canapé,6450
marci,6451
rispo,6452
munzillo,6453
pappa,6454
council,6455
trent,6456
sticker,6457
surfboard,6458
fabrizia,6459
meroi,6460
verpai,6461
flow,6462
shortest,6463
asou,6464
così,6465
plissn,6466
needl,6467
whim,6468
shitak,6469
vilòn,6470
muro,6471
rho,6472
spruce,6473
tapasstyl,6474
morsi,6475
morsetti,6476
possoni,6477
fiordilatt,6478
cantin,6479
nervi,6480
streetfood,6481
padoan,6482
shortli,6483
mid19c,6484
mid20c,6485
modernis,6486
justifi,6487
firstli,6488
secondli,6489
skirt,6490
ivan,6491
maniago,6492
cefalù,6493
satoshi,6494
hazama,6495
kaiseki,6496
bettelmatt,6497
foodenthusiast,6498
garattoni,6499
lievitazioni,6500
donna,6501
certosa,6502
abbattista,6503
rospigliosi,6504
bernini,6505
stagelik,6506
cahssai,6507
1848,6508
habsburg,6509
armi,6510
storico,6511
faveri,6512
asbacari,6513
maison,6514
sorrentino,6515
bardini,6516
scrupul,6517
cicada,6518
hong,6519
kong,6520
suzzara,6521
caravaggio,6522
muchvisit,6523
pilgrim,6524
shrine,6525
competit,6526
lecc,6527
solaika,6528
marrocco,6529
1995,6530
gallipoli,6531
dull,6532
aficionado,6533
zerokilometr,6534
caraf,6535
ruffano,6536
liqueurmak,6537
esplanad,6538
1992,6539
desenzano,6540
fezzardi,6541
metronom,6542
marzio,6543
lee,6544
vallio,6545
flawless,6546
signorini,6547
contagi,6548
ciasa,6549
salar,6550
maicol,6551
exposedbrick,6552
calm,6553
pre,6554
halfbottl,6555
molo,6556
mandatori,6557
gipponi,6558
gimignano,6559
martella,6560
deliv,6561
trafficrestrict,6562
talk,6563
afford,6564
24month,6565
grasparossa,6566
castelvetro,6567
savor,6568
capricciosa,6569
monastero,6570
turbot,6571
cliché,6572
fagon,6573
stigghiola,6574
intestin,6575
depot,6576
postindustri,6577
exclud,6578
capitaneo,6579
unit,6580
instagram,6581
egnazia,6582
candlelight,6583
domingo,6584
schingaro,6585
calandrino,6586
barcumpasticceria,6587
hare,6588
erminio,6589
pazientina,6590
aristocraci,6591
bagheria,6592
terracecumloung,6593
ferreri,6594
giandomenico,6595
gambino,6596
griffa,6597
scarallo,6598
bandwagon,6599
chanc,6600
lofficina,6601
dolcedo,6602
trip,6603
cambio,6604
risorgimento,6605
entri,6606
carignano,6607
pistoletto,6608
baronetto,6609
winebuff,6610
genoves,6611
samuel,6612
apprentic,6613
verbena,6614
kimchi,6615
celeriac,6616
slop,6617
schio,6618
got,6619
600m,6620
fasolato,6621
justli,6622
spinechil,6623
cap,6624
muchcovet,6625
extern,6626
marmo,6627
pina,6628
osteriastyl,6629
quintino,6630
fettuccin,6631
sformato,6632
dellartusi,6633
chapel,6634
milda,6635
tarquinia,6636
bare,6637
necropoli,6638
monterozzi,6639
unesco,6640
heritag,6641
viterbo,6642
taral,6643
timbal,6644
eatali,6645
shaken,6646
fishhead,6647
gut,6648
manicon,6649
vogu,6650
curli,6651
wellrun,6652
manzoni,6653
overwhelm,6654
pezzuto,6655
heroic,6656
geröstl,6657
tirtlan,6658
pancak,6659
garag,6660
drawer,6661
household,6662
lori,6663
sowthistl,6664
woodruff,6665
felix,6666
basso,6667
valtellinastyl,6668
sweetscent,6669
pinewood,6670
manger,6671
dop,6672
bitto,6673
7cours,6674
quarta,6675
battipaglia,6676
campaniafocus,6677
rombo,6678
rotto,6679
meati,6680
sesso,6681
augurio,6682
thegrand,6683
cartene,6684
triest,6685
1b,6686
cernobbio,6687
concentr,6688
scalinata,6689
costarella,6690
capac,6691
travertin,6692
facelift,6693
hasnt,6694
encircl,6695
silent,6696
doze,6697
1994,6698
undiminish,6699
couldnt,6700
hustl,6701
barral,6702
late15c,6703
1773,6704
eighth,6705
apostelstub,6706
statuett,6707
apostl,6708
michael,6709
eleonora,6710
bachmann,6711
hamachi,6712
wasabi,6713
1885,6714
manuelina,6715
recco,6716
focacceria,6717
vertigin,6718
dual,6719
caciucco,6720
firework,6721
crescendo,6722
waltz,6723
tomberli,6724
anni,6725
féold,6726
monco,6727
credit,6728
marta,6729
grassi,6730
tantri,6731
meaning,6732
dialogu,6733
bendato,6734
fiorentinaopt,6735
powderflavour,6736
radetzki,6737
flee,6738
rebellion,6739
camp,6740
troop,6741
rampina,6742
lino,6743
verit,6744
15km,6745
volterra,6746
300ha,6747
morra,6748
camia,6749
elisabetta,6750
muchlov,6751
luserna,6752
barbequ,6753
iacopo,6754
piemontes,6755
sip,6756
industrialnew,6757
york,6758
crow,6759
fli,6760
devetak,6761
pull,6762
pineappl,6763
cajinci,6764
tega,6765
spinachfil,6766
salinari,6767
enterpris,6768
enel,6769
remodel,6770
dsquared2,6771
brass,6772
farmstead,6773
spite,6774
placemat,6775
poverastyl,6776
dresser,6777
coppa,6778
girasoli,6779
lava,6780
cocoa,6781
puccini,6782
woodbeam,6783
postorino,6784
mariapaola,6785
read,6786
teal,6787
ochr,6788
willing,6789
feltrinelli,6790
baiocco,6791
soldier,6792
lele,6793
tino,6794
diario,6795
bordo,6796
gianfranco,6797
fino,6798
tuff,6799
profeta,6800
es,6801
vasocottura,6802
reimund,6803
brunner,6804
gardena,6805
grödnerhof,6806
heed,6807
demand,6808
hold,6809
mould,6810
farra,6811
1900,6812
renzo,6813
1997,6814
breathtakingli,6815
sassolungo,6816
sella,6817
scarpetta,6818
dip,6819
mop,6820
sogno,6821
forgiv,6822
leopard,6823
luchino,6824
visconti,6825
occhiovivo,6826
whet,6827
tray,6828
preziosa,6829
lighten,6830
scaligero,6831
onofrio,6832
pagnotto,6833
tenerumi,6834
afraid,6835
colucci,6836
therasia,6837
vulcanello,6838
southernmost,6839
ortigia,6840
siracusa,6841
torrisi,6842
bass,6843
scicli,6844
vs,6845
brut,6846
timehonour,6847
giandujotto,6848
sottovoc,6849
mattara,6850
infin,6851
afternoon,6852
renato,6853
15th,6854
loggia,6855
vasariana,6856
fatjon,6857
theyll,6858
appropri,6859
nib,6860
maturato,6861
tiberini,6862
2018,6863
ripen,6864
farnes,6865
1370,6866
calistri,6867
teramo,6868
temporari,6869
nun,6870
benedikto,6871
enea,6872
barbanera,6873
diet,6874
bewar,6875
vigevano,6876
gerli,6877
retrostyl,6878
prearrang,6879
girl,6880
forio,6881
1949,6882
zampognaro,6883
ischianstyl,6884
terracotta,6885
includesard,6886
saorsardin,6887
softshel,6888
cherasco,6889
perpendicular,6890
rump,6891
lonigo,6892
peca,6893
flag,6894
seriou,6895
smoker,6896
peat,6897
whiski,6898
bressan,6899
dongiò,6900
caserta,6901
predict,6902
leccardastyl,6903
bird,6904
sommelierhead,6905
thesopa,6906
coada,6907
piccionea,6908
bacher,6909
burkhard,6910
professor,6911
montanari,6912
ann,6913
loprior,6914
format,6915
parkhotel,6916
laurin,6917
nori,6918
alga,6919
creativetapasinfluenc,6920
serra,6921
lovag,6922
vaiani,6923
restaurateur,6924
hoteli,6925
mattei,6926
gleam,6927
trezzo,6928
sulladda,6929
durat,6930
famousgallegaandwagyu,6931
galeata,6932
malcesin,6933
leandro,6934
luppi,6935
qcina,6936
24,6937
pension,6938
piacentin,6939
nice,6940
colder,6941
povera,6942
proverbi,6943
asfri,6944
flowersand,6945
classicpigeon,6946
seggiano,6947
archway,6948
10th,6949
bristol,6950
preboggion,6951
vais,6952
trafoier,6953
kuppelrain,6954
kevin,6955
jorg,6956
pralin,6957
natali,6958
3litr,6959
sonya,6960
capristyl,6961
gâteau,6962
shipyard,6963
mame,6964
loaf,6965
xx,6966
settembr,6967
burratina,6968
spoleto,6969
richard,6970
abou,6971
zaki,6972
undeni,6973
aragones,6974
vecchia,6975
euro,6976
reemerg,6977
chiefli,6978
noteworthi,6979
viu,6980
bulk,6981
peposo,6982
tavolara,6983
posto,6984
carpentri,6985
activ,6986
kombucha,6987
esordi,6988
papà,6989
nostra,6990
planet,6991
bianca,6992
16,6993
nella,6994
pacchero,6995
georg,6996
hashbe,6997
early20c,6998
iuliano,6999
intuit,7000
calabrianborn,7001
macerata,7002
biagiola,7003
28,7004
posti,7005
stanc,7006
zazzara,7007
marisa,7008
cuomo,7009
vin,7010
fiorella,7011
stunningli,7012
kränzelhof,7013
januariu,7014
relic,7015
luciana,7016
zito,7017
napolitanstyl,7018
silvestro,7019
irpinia,7020
taurasi,7021
misl,7022
crisscross,7023
zass,7024
belgian,7025
aloi,7026
vanlangenaek,7027
john,7028
dori,7029
pianist,7030
trattoriastyl,7031
cheaper,7032
pace,7033
transport,7034
snowcat,7035
reassur,7036
bruno,7037
moura,7038
cossio,7039
common,7040
denomin,7041
feltr,7042
campigotto,7043
1977,7044
winepair,7045
topoftherang,7046
shelter,7047
pizzi,7048
caputo,7049
distract,7050
lippi,7051
revel,7052
cipressi,7053
guado,7054
tasso,7055
gioie,7056
mundan,7057
silenc,7058
baita,7059
177,7060
toledo,7061
tombola,7062
feuerstein,7063
5star,7064
flere,7065
vipiteno,7066
tina,7067
chemic,7068
scorzonera,7069
sfincion,7070
tomatoflavour,7071
marseil,7072
duca,7073
feniletto,7074
adher,7075
rana,7076
sodano,7077
ricomincio,7078
troisi,7079
68cours,7080
68,7081
uliassi,7082
parasol,7083
lap,7084
strength,7085
catia,7086
ban,7087
plastic,7088
persuad,7089
polystyren,7090
nutrit,7091
uruguay,7092
pavilion,7093
terraceth,7094
itinerari,7095
sail,7096
1693,7097
imprint,7098
guangzhou,7099
baretto,7100
blueandwhit,7101
gianpaolo,7102
burba,7103
vinei,7104
unpredict,7105
iaccarino,7106
sui,7107
golfi,7108
leonardi,7109
barbato,7110
resourc,7111
bolognina,7112
multicultur,7113
tozuppa,7114
inglesea,7115
outlet,7116
homebak,7117
controversi,7118
tomei,7119
pfanner,7120
palazzomuseum,7121
botania,7122
3ha,7123
mirto,7124
fourcours,7125
24hr,7126
send,7127
email,7128
oldofredi,7129
snowcov,7130
porcelli,7131
offshor,7132
cusumano,7133
pinot,7134
1933,7135
belé,7136
charmingli,7137
crystal,7138
shift,7139
lacelik,7140
pattern,7141
acoust,7142
convers,7143
hiphop,7144
bathroom,7145
filia,7146
silhavì,7147
fulfil,7148
sensibl,7149
polpo,7150
flora,7151
nissen,7152
tuorlo,7153
perno,7154
terrazza,7155
riccio,7156
quintessenti,7157
montefollonico,7158
dagostino,7159
trendier,7160
cerreta,7161
sleep,7162
losteria,7163
cavai,7164
driver,7165
war,7166
menegaldo,7167
paella,7168
2003,7169
significantli,7170
bouchard,7171
newer,7172
cacciator,7173
slovenia,7174
subida,7175
suggestioni,7176
naturalment,7177
robustli,7178
dellannunziata,7179
halfhour,7180
jealous,7181
gianfilippo,7182
arancina,7183
caciocavallo,7184
tackl,7185
santino,7186
aversa,7187
lemonmarin,7188
scorpion,7189
gherardesca,7190
palagio,7191
neoclass,7192
lavezzini,7193
brazil,7194
vedel,7195
pallanza,7196
celest,7197
carracci,7198
appealingli,7199
frati,7200
minimi,7201
minim,7202
rita,7203
orvieto,7204
superior,7205
doc,7206
vendemmia,7207
tardiva,7208
fratelli,7209
massucco,7210
marc,7211
lanteri,7212
ami,7213
bellotti,7214
elisabeth,7215
ateli,7216
domodossola,7217
dossola,7218
bartolucci,7219
flank,7220
katia,7221
craftsmen,7222
hope,7223
keyston,7224
2km,7225
menusterritorio,7226
tradizioneil,7227
cavallo,7228
scossoand,7229
creativefuori,7230
gara,7231
carropont,7232
beat,7233
oscar,7234
mazzoleni,7235
tyroles,7236
bit,7237
giarr,7238
bari,7239
scalera,7240
intellig,7241
wheel,7242
gentli,7243
leoni,7244
serendib,7245
sri,7246
lanka,7247
lankan,7248
capo,7249
rizzuto,7250
mar,7251
ionio,7252
natal,7253
pallon,7254
fast,7255
artisticcultur,7256
frigoriferi,7257
milanesi,7258
pillow,7259
lace,7260
pescocostanzo,7261
bacon,7262
cramp,7263
circella,7264
pete,7265
marko,7266
jame,7267
joyc,7268
musso,7269
gemma,7270
sandra,7271
manduria,7272
primit,7273
vinilia,7274
penna,7275
calvisano,7276
gelliu,7277
opitergium,7278
breda,7279
stateoftheart,7280
timelessli,7281
comunal,7282
tavernastyl,7283
vita,7284
mangiala,7285
neapolitanstyl,7286
deeper,7287
mara,7288
blumenstub,7289
santorsola,7290
pergin,7291
contemporaryalpin,7292
medium,7293
uncompl,7294
bavaglino,7295
tastingstyl,7296
formazza,7297
tomahawk,7298
ribey,7299
provolon,7300
bill,7301
manmad,7302
coldana,7303
proietti,7304
refrigeri,7305
mallow,7306
prettiest,7307
stüa,7308
cantafio,7309
indefatig,7310
figur,7311
sini,7312
vernaccia,7313
murrua,7314
matares,7315
oristano,7316
pintadera,7317
1882,7318
enbogonè,7319
borlotti,7320
bronzecut,7321
trafilata,7322
bronzo,7323
halffrench,7324
halfitalian,7325
migrant,7326
pekingstylemora,7327
romagnola,7328
mirin,7329
dant,7330
canapino,7331
currant,7332
pinerolo,7333
milon,7334
pompeo,7335
pisciotta,7336
heartili,7337
scapec,7338
cordevigo,7339
oseleta,7340
marra,7341
cheeselov,7342
blindfold,7343
christoph,7344
columbu,7345
1912,7346
pella,7347
genoesestyl,7348
guggenheim,7349
tortino,7350
gondolieri,7351
sweetandsour,7352
miteco,7353
artemid,7354
archestrato,7355
storia,7356
guarneri,7357
wroughtiron,7358
pave,7359
frattaubread,7360
porceddusuckl,7361
gala,7362
inclement,7363
cavallino,7364
maranello,7365
crème,7366
36monthag,7367
12yearold,7368
flowerdeck,7369
ti,7370
mareand,7371
essenzial,7372
traditionalist,7373
hear,7374
amerigo,7375
televis,7376
ornament,7377
cosylittl,7378
perata,7379
whitebait,7380
curri,7381
outli,7382
sigilinium,7383
mediterraneo,7384
scoprir,7385
will,7386
finer,7387
underpin,7388
fiumicino,7389
pascucci,7390
profondo,7391
kalugaamur,7392
vanessa,7393
saporium,7394
100ha,7395
hagen,7396
ottog,7397
kursaal,7398
penthousestyl,7399
alkerm,7400
piev,7401
baciadonn,7402
narrowest,7403
madr,7404
bertoli,7405
desiderio,7406
bruxaboschi,7407
1862,7408
excellentcima,7409
genovesea,7410
loafpicaggeandpansottipasta,7411
sharp,7412
theyr,7413
siena,7414
valdarno,7415
amusebouch,7416
7000,7417
prosdocimi,7418
cervia,7419
ravinetto,7420
shave,7421
fiordaliso,7422
pontoon,7423
indulg,7424
snugli,7425
linear,7426
calderino,7427
marconi,7428
vet,7429
mescafrancesca,7430
contron,7431
coron,7432
lumen,7433
photographi,7434
riscon,7435
150m,7436
nb,7437
5pm,7438
asiago,7439
europa,7440
cerea,7441
persimmon,7442
marineria,7443
prosecco,7444
winegrow,7445
condo,7446
wellestablish,7447
porceddu,7448
ceramist,7449
maccaron,7450
busa,7451
kuccagna,7452
testaccio,7453
ciucci,7454
romanstyl,7455
coda,7456
carrozza,7457
angolo,7458
dabruzzo,7459
centofanti,7460
bruschetta,7461
sagrestia,7462
sacristi,7463
ascent,7464
piazzal,7465
michelangelo,7466
ariel,7467
stress,7468
rise,7469
sand,7470
slowli,7471
seneca,7472
vespasia,7473
cannara,7474
sibillini,7475
bianconi,7476
norcia,7477
sector,7478
flurin,7479
glorenza,7480
grapefruit,7481
1952,7482
filò,7483
alpineinfluenc,7484
barisano,7485
vitantonio,7486
lombardo,7487
ive,7488
global,7489
agli,7490
godia,7491
michela,7492
closeknit,7493
verbania,7494
england,7495
thermal,7496
salesman,7497
hélène,7498
mongiat,7499
thinnest,7500
lard,7501
reheat,7502
sousvid,7503
bainmari,7504
lukewarm,7505
1890,7506
mural,7507
ciociara,7508
lifestyl,7509
stylishli,7510
michelino,7511
gioia,7512
sciò,7513
pellicano,7514
postcard,7515
montebor,7516
acacia,7517
moscato,7518
granita,7519
cycl,7520
race,7521
piatto,7522
allarnei,7523
battuta,7524
indigo,7525
hue,7526
dusk,7527
indaco,7528
lacco,7529
ameno,7530
casamicciola,7531
bacoli,7532
unfold,7533
palamaro,7534
casamadr,7535
specialist,7536
thread,7537
damalfi,7538
selva,7539
monach,7540
utini,7541
monopoli,7542
vittorial,7543
cityscapeth,7544
intesa,7545
skyscrap,7546
pianother,7547
height,7548
150,7549
meter,7550
envisag,7551
160,7552
older,7553
porteri,7554
overcom,7555
obstacl,7556
summaris,7557
bruzzon,7558
applaus,7559
cauda,7560
anchovybas,7561
parisian,7562
zerowast,7563
cuor,7564
chequer,7565
ferrares,7566
1957,7567
arca,7568
stair,7569
filippi,7570
juke,7571
duckpastissada,7572
cavalhorsemeat,7573
andgelato,7574
spiritosoic,7575
chimichurri,7576
modesti,7577
antico,7578
sutri,7579
lezzereni,7580
ichikawa,7581
lessknown,7582
vertical,7583
caretak,7584
somma,7585
castrocaro,7586
giacchini,7587
neither,7588
ostentati,7589
fondaco,7590
tedeschi,7591
counterpart,7592
brand,7593
amo,7594
trendiest,7595
philipp,7596
starck,7597
topfloor,7598
marzamemi,7599
fogolar,7600
memoria,7601
virgilio,7602
waffl,7603
venetianstyl,7604
spider,7605
accept,7606
agre,7607
feat,7608
monosilio,7609
macellaria,7610
angiolucci,7611
cocktailbar,7612
bress,7613
patrignano,7614
biuso,7615
huber,7616
stile,7617
libero,7618
territorio,7619
cash,7620
till,7621
uninterrupt,7622
lid,7623
locomot,7624
commiss,7625
combo,7626
anthoni,7627
astonish,7628
parallelsmenu,7629
roero,7630
derrico,7631
necessarili,7632
jackson,7633
pollock,7634
burri,7635
inedita,7636
croccantezza,7637
stresa,7638
rio,7639
frescada,7640
dallamano,7641
eightcours,7642
cucolo,7643
promot,7644
faenza,7645
mogano,7646
woodinspir,7647
breweri,7648
sfoglia,7649
flake,7650
marsupino,7651
1901,7652
immens,7653
nineteenthcenturi,7654
painstak,7655
orchestr,7656
argaj,7657
iseo,7658
rovetta,7659
includingsorbirfil,7660
renownedsbrisolonacak,7661
cogliardo,7662
rapini,7663
avocado,7664
mondello,7665
charleston,7666
sicilianstyl,7667
villoresi,7668
erbett,7669
spill,7670
gola,7671
furlo,7672
lanzellotti,7673
loungecumlibrari,7674
buzarastyl,7675
smetana,7676
awarm,7677
atmosphereth,7678
1969,7679
vers,7680
chemistri,7681
landmark,7682
spoltino,7683
layer,7684
spong,7685
kerm,7686
custard,7687
sliver,7688
spell,7689
superl,7690
finetun,7691
pop,7692
yeast,7693
zanini,7694
tenet,7695
45km,7696
ortica,7697
tenuta,7698
golfo,7699
35min,7700
salina,7701
mid1800,7702
multitask,7703
municip,7704
creativo,7705
puff,7706
biedermei,7707
heinrich,7708
schneider,7709
self,7710
taught,7711
applic,7712
attach,7713
garbanzo,7714
stellaria,7715
pimpernel,7716
gisela,7717
lloyd,7718
baia,7719
dolomieu,7720
dv,7721
otherwis,7722
imagna,7723
driedcod,7724
guancialino,7725
sbrisolonacak,7726
crumb,7727
marzipan,7728
reinforc,7729
canzian,7730
corridor,7731
excelsior,7732
montefusco,7733
nonresid,7734
agavi,7735
codol,7736
nicknam,7737
mine,7738
ventr,7739
postmodern,7740
arancino,7741
inter,7742
laetitia,7743
1911,7744
tarallo,7745
cracker,7746
baba,7747
profici,7748
gasthau,7749
spleen,7750
crostini,7751
arancini,7752
gorgonzola,7753
armani,7754
backlit,7755
onyx,7756
april,7757
2024two,7758
azienda,7759
agrituristica,7760
sa,7761
mandra,7762
procedur,7763
smallest,7764
cornerston,7765
contamin,7766
alessandria,7767
triumph,7768
patagonian,7769
flask,7770
outofthisworld,7771
cippi,7772
nazzarena,7773
fabbro,7774
valdestali,7775
forest,7776
scialatielli,7777
vie,7778
toceno,7779
vigezzo,7780
parizzi,7781
cantù,7782
ecuador,7783
ricegrow,7784
glamour,7785
phi,7786
nightclubcumloung,7787
candia,7788
mid18c,7789
erbaluc,7790
caluso,7791
multilevel,7792
semicircular,7793
zannon,7794
consequ,7795
pois,7796
livia,7797
ernesto,7798
campanella,7799
silvio,7800
battistoni,7801
delizi,7802
aost,7803
dovecolour,7804
abbondanzi,7805
flamingo,7806
fenicottero,7807
sauvignon,7808
weingut,7809
der,7810
eben,7811
cost,7812
brugiano,7813
houseonstilt,7814
coloni,7815
barg,7816
sein,7817
gargioli,7818
lazian,7819
sourcherri,7820
lagrein,7821
leali,7822
sinuou,7823
