restaurantName,City,Region
L'Ancora della Tortuga,Monterosso al Mare,Liguria
Ristorante Alpes & La FuGa,Sarentino,Trentino-Alto Adige/Südtirol
Villa De Winckels,Tregnago,Veneto
Italia,Quarona,Piemonte
Zafferano,Città della Pieve,Umbria
Il Refettorio,Conca dei Marini,Campania
Albergaccio di Castellina,Castellina in Chianti,Toscana
Kleine Flamme,Vipiteno,Trentino-Alto Adige/Südtirol
Le Petit Bellevue,Cogne,Valle d'Aosta / Vallée d'Aoste
Osteria Frangipane,Trani,Puglia
Al Bagatto,Trieste,Friuli-Venezia Giulia
Sine by Di Pinto,Milan,Lombardia
Gallery Bistrot Contemporaneo,Troia,Puglia
Osteria Manzoni,Barzago,Lombardia
Le Rune,Genoa,Liguria
Finger's Garden,Milan,Lombardia
Antichi Sapori,Montegrosso,Puglia
Trippini,Civitella del Lago,Umbria
Da Marino al St Remy,Cagliari,Sardigna/Sardegna
Cravero - Osteria Contemporanea,Caltignaga,Piemonte
Armani/Ristorante,Milan,Lombardia
Osteria da Afro,Spilimbergo,Friuli-Venezia Giulia
All'Oro,Rome,Lazio
Trattoria di Campagna,Sarre,Valle d'Aosta / Vallée d'Aoste
La Pignata,Ariano Irpino,Campania
Dongiò,Milan,Lombardia
Ai Cadelach,Revine,Veneto
Mec Restaurant,Palermo,Sicilia
Luminist Cafè Bistrot,Naples,Campania
Gambero Rosso,Marina di Gioiosa Ionica,Calabria
Li Galli,Positano,Campania
"Osteria a ""Le Due Spade""",Trento,Trentino-Alto Adige/Südtirol
Risorgimento,Sirmione,Lombardia
El Gato,Chioggia,Veneto
Osteria Storica Morelli,Pergine Valsugana,Trentino-Alto Adige/Südtirol
Corte Federiciana,Apricena,Puglia
L'Angolino da Filippo,Marina di San Vito,Abruzzo
Babette,Albenga,Liguria
Kro,Ponte di Legno,Lombardia
Cracco in Galleria,Milan,Lombardia
Dalla Libera,Sernaglia della Battaglia,Veneto
N'uovo Vino e Cucina,Sutri,Lazio
Anastasia,Civitanova Marche,Marche
Taverna del Castello,Torrechiara,Emilia-Romagna
Osteria Didù,Imperia,Liguria
La Tradizione - Cucina Casalinga,Minervino Murge,Puglia
Trattoria Pomposa - Al Re gras,Modena,Emilia-Romagna
Pentole e Provette,Fasano,Puglia
Osteria dello Strecciolo,Robbiate,Lombardia
Soho,Genoa,Liguria
All'Osteria Bottega,Bologna,Emilia-Romagna
Urubamba,Naples,Campania
Kanton Restaurant,Capriate San Gervasio,Lombardia
La Bottega del 30,Castelnuovo Berardenga,Toscana
Marotta,Squille,Campania
Radici,Castel Giorgio,Umbria
De' Minimi,Tropea,Calabria
aede dining & wines,Rome,Lazio
Luigi Lepore,Lamezia Terme,Calabria
DA_MÓ,Matera,Basilicata
San Martino 26,San Gimignano,Toscana
Spinechile,Schio,Veneto
La Preséf,Mantello,Lombardia
Bistrot de Venise,Venice,Veneto
Vögele,Bolzano,Trentino-Alto Adige/Südtirol
Villa Arcadio,Salò,Lombardia
Impronta,Bassano del Grappa,Veneto
L'Angolo d'Abruzzo,Carsoli,Abruzzo
Antica Trattoria Gianna,Recorfano,Lombardia
Locanda Nelli,Pietra Ligure,Liguria
Atman,Lamporecchio,Toscana
All'Olivo,Lucca,Toscana
L'Asinello,Castelnuovo Berardenga,Toscana
La Fermata,Spinetta Marengo,Piemonte
La Locanda del Notaio,Pellio Intelvi,Lombardia
San Domenico,Pizzo Calabro,Calabria
Acciuga,Rome,Lazio
Futura Osteria,Monteriggioni,Toscana
Carter Oblio,Rome,Lazio
Terrazza Bartolini,Milano Marittima,Emilia-Romagna
Trattoria al Parco,Buttrio,Friuli-Venezia Giulia
Stefenelli Desk,Aosta,Valle d'Aosta / Vallée d'Aoste
Lofficina,Sirolo,Marche
Laite,Sappada,Friuli-Venezia Giulia
Quintogusto,Savona,Liguria
Filo,Lezzeno,Lombardia
Oltre.,Bologna,Emilia-Romagna
Maeba Restaurant,Ariano Irpino,Campania
La Ferrata,Pordenone,Friuli-Venezia Giulia
Mirabelle,Rome,Lazio
All'Enoteca,Canale,Piemonte
Horto,Milan,Lombardia
Osteria Bartolini,Milano Marittima,Emilia-Romagna
Il Verso del Ghiottone,Dogliani,Piemonte
Sale Grosso,Bologna,Emilia-Romagna
QB DuePuntoZero,Salò,Lombardia
Agli Amici,Godia,Friuli-Venezia Giulia
Svevia,Termoli,Molise
La Loggia Bistrò,Verona,Veneto
Al Metrò,San Salvo Marina,Abruzzo
Quattro Sensi,Brufa,Umbria
Il Ciabot,Roletto,Piemonte
Boivin,Levico Terme,Trentino-Alto Adige/Südtirol
Federico II,Termoli,Molise
Il Conte Matto,Trequanda,Toscana
LeoneFelice Vista Lago,Erbusco,Lombardia
Delicato,Contigliano,Lazio
Casa Mazzucchelli,Sasso Marconi,Emilia-Romagna
Osteria del Gallo e della Volpe,Ospedaletto d'Alpinolo,Campania
20 Posti,Empoli,Toscana
Parizzi,Parma,Emilia-Romagna
Sa Domu Sarda,Cagliari,Sardigna/Sardegna
Palazzo Petrucci,Naples,Campania
Maso Palù,Brentonico,Trentino-Alto Adige/Südtirol
La Capanna di Eraclio,Codigoro,Emilia-Romagna
Marcelin,Montà,Piemonte
Viva il Bistrot,Noto,Sicilia
Vescovado,Noli,Liguria
Da Giocondo,Rivisondoli,Abruzzo
Sustanza,Naples,Campania
Crotasc,Mese,Lombardia
La Limonaia,Turin,Piemonte
Teresita by Giardino di Mari,Viareggio,Toscana
Il Ristorante di Guido da Costigliole,Santo Stefano Belbo,Piemonte
La Taverna di Bacco,Nettuno,Lazio
Felter alle Rose,Salò,Lombardia
Colonne,Santa Maria del Monte,Lombardia
Tanzer,Issengo,Trentino-Alto Adige/Südtirol
Il Barolino,Carpi,Emilia-Romagna
Osteria da Fiore,Venice,Veneto
Nicolin,Lecco,Lombardia
Osteria Europa,Asiago,Veneto
Veritas,Naples,Campania
Salamensa,Montichiari,Lombardia
Trattoria al Cacciatore - La Subida,Cormons,Friuli-Venezia Giulia
Alpenroyal Gourmet,Selva di Val Gardena,Trentino-Alto Adige/Südtirol
Zunica 1880,Civitella del Tronto,Abruzzo
La Barca,Marina di Pulsano,Puglia
Pipero Roma,Rome,Lazio
Casa Vissani,Baschi,Umbria
Al Volt,Riva del Garda,Trentino-Alto Adige/Südtirol
Maragoncello,Montichiari,Lombardia
Lio Pellegrini,Bergamo,Lombardia
Terramira,Capolona,Toscana
Il Sottomarino,Follonica,Toscana
Pepenero,San Miniato,Toscana
Fiamma Cremisi,Calvisano,Lombardia
La Terrazza,Rome,Lazio
Osteria dai Mazzeri,Follina,Veneto
Ancòra,Cesenatico,Emilia-Romagna
Enrico Bartolini al Mudec,Milan,Lombardia
Condividere,Turin,Piemonte
La Canonica,Verona,Veneto
Maso Burba,Commezzadura,Trentino-Alto Adige/Südtirol
I Sette Consoli,Orvieto,Umbria
Terrazza Tiberio,Capri,Campania
Magnagallo,Campogalliano,Emilia-Romagna
Morelli,Milan,Lombardia
Balin Sestri Levante,Sestri Levante,Liguria
Bar à Fromage,Cogne,Valle d'Aosta / Vallée d'Aoste
Frosio,Almè,Lombardia
Boccondivino,Bra,Piemonte
Amo,Venice,Veneto
Osteria Madonnetta,Marostica,Veneto
Locanda dei Salinari,Cervia,Emilia-Romagna
Apollinare,Spoleto,Umbria
Villa Maiella,Guardiagrele,Abruzzo
Rosita,Finale Ligure,Liguria
Da Lucio,Rimini,Emilia-Romagna
Dodici Fontane,Linguaglossa,Sicilia
In Viaggio - Claudio Melis,Merano,Trentino-Alto Adige/Südtirol
San Quintino Resort,Busca,Piemonte
Molin Vecio,Caldogno,Veneto
Stube Ladina,Arabba,Veneto
Ma.Ri.Na.,Olgiate Olona,Lombardia
Fracia,Teglio,Lombardia
Lazaroun,Santarcangelo di Romagna,Emilia-Romagna
Zia,Rome,Lazio
Torre del Saracino,Vico Equense,Campania
Boccon DiVino,Montalcino,Toscana
Vino Buono,Grumello del Monte,Lombardia
Osteria Mercato,Stresa,Piemonte
Gnocchetto,Tavernerio,Lombardia
Il Saturnino,Forio,Campania
Antica Locanda al Cervo - Landgasthof zum Hirschen,San Genesio Atesino,Trentino-Alto Adige/Südtirol
Osteria La Torre,Cherasco,Piemonte
Regio Patio,Garda,Veneto
Il Molo,San Leone,Sicilia
50 Kalò,Naples,Campania
Corte Sconta,Venice,Veneto
Tuorlo,Turin,Piemonte
La Taverna di Fra' Fiusch,Revigliasco,Piemonte
Don Alfonso 1890 San Barbato,Lavello,Basilicata
Il Cedro,Moggiona,Toscana
Da Miky,Monterosso al Mare,Liguria
Da Guido,Jesolo,Veneto
Particolare di Siena,Sienna,Toscana
Dry Aged,Milan,Lombardia
Iris Ristorante,Verona,Veneto
L'Acciuga,Perugia,Umbria
Locanda del Marinaio,Cefalu,Sicilia
La Speranzina Restaurant & Relais,Sirmione,Lombardia
Innesti,Pergine Valsugana,Trentino-Alto Adige/Südtirol
Sa Mandra,Alghero,Sardigna/Sardegna
Il Ritrovo d'Abruzzo,Civitella Casanova,Abruzzo
Taverna dello Spuntino,Grottaferrata,Lazio
Meta Ristorante,Celle Ligure,Liguria
Angiolina,Pisciotta,Campania
Trippi,Sondrio,Lombardia
Johannesstube,Nova Levante,Trentino-Alto Adige/Südtirol
Ortica,Pieve Ligure,Liguria
Cortile Pepe,Cefalu,Sicilia
O Me O Il Mare,Gragnano,Campania
Trattoria del Vicolo,Lipari,Sicilia
Paca,Prato,Toscana
LPV Ristorante & Bistrot,Venice,Veneto
La Kuccagna,Dovera,Lombardia
Roma,Montoggio,Liguria
Mesadoria,Valledoria,Sardigna/Sardegna
La Bul,Bari,Puglia
Novo Osteria,Borgonovo Val Tidone,Emilia-Romagna
Votavota,Marina di Ragusa,Sicilia
Da Manuela,Isola Sant'Antonio,Piemonte
La Valle,Trofarello,Piemonte
La Campanara,Galeata,Emilia-Romagna
Piazza Duomo,Alba,Piemonte
Dispensa Franciacorta,Torbiato,Lombardia
Vintage 1997,Turin,Piemonte
Café Les Paillotes,Pescara,Abruzzo
Hosteria Grappolo d'Oro,Rome,Lazio
Darmagi,Mercenasco,Piemonte
Bluh Furore,Furore,Campania
La Ciambella,Rome,Lazio
Osteria Acquarol,San Michele,Liguria
Il Trillo,Massa,Toscana
Il Ristorantino - Da Dino,Anzola dell'Emilia,Emilia-Romagna
Zanze XVI,Venice,Veneto
La Barca,Rho,Lombardia
Osteria Platzegg,San Michele,Liguria
Bebop,Palermo,Sicilia
Trattoria Lanzagallo,Gaibana,Emilia-Romagna
La Pineta,Marina di Bibbona,Toscana
Roof Garden,Bergamo,Lombardia
Marco Bottega Ristorante,Genazzano,Lazio
Locanda Toscano,Pizzo,Calabria
I 5 Campanili,Busto Arsizio,Lombardia
Mammaròssa,Avezzano,Abruzzo
Riva,Ponte dell'Olio,Emilia-Romagna
Specus,Valmontone,Lazio
Lo Scalco Grasso,Mantua,Lombardia
Il Casolare dei Segreti,Treia,Marche
Etra,Genoa,Liguria
Qualia,Cefalu,Sicilia
Locanda delle Tre Chiavi,Isera,Trentino-Alto Adige/Südtirol
Bistrot Donatella,Oviglio,Piemonte
Luisl Stube,Algund,Trentino-Alto Adige/Südtirol
Quellenhof Gourmetstube 1897,Saint Martin in Passeier,
Antica Cucina 1983,Barletta,Puglia
Osteria Arborina,La Morra,Piemonte
Posta,Sant'Omobono Terme,Lombardia
L'Acino,Turin,Piemonte
Rossellinis,Ravello,Campania
Cascina Lautier,Chieri,Piemonte
Arnolfo,Colle di Val d'Elsa,Toscana
La Capinera,Taormina,Sicilia
La Tavola,Laveno,Lombardia
Locanda '800,Negrar,Veneto
Contrada,Castelnuovo Berardenga,Toscana
Trattoria Antichi Sapori,Gaione,Emilia-Romagna
Locanda Mammì,Agnone,Molise
Zero Milano,Milan,Lombardia
Osteria del Benedet,Delebio,Lombardia
Il Turacciolo,Andria,Puglia
Osteria L'Orciaia,Montebenichi,Toscana
L'Argaj,Castiglione Falletto,Piemonte
Quintilio,Altare,Liguria
Koinè,Legnano,Lombardia
La Caravella dal 1959,Amalfi,Campania
Serpillo,Bevagna,Umbria
Secondo Tempo,Termini Imerese,Sicilia
MARdiVINO,Treviso,Veneto
Enoclub,Alba,Piemonte
I Castagni,Vigevano,Lombardia
Locanda San Lorenzo,Puos d'Alpago,Veneto
Il Patio,Pollone,Piemonte
Le Macine,Vittorio Veneto,Veneto
Locanda Sant'Uffizio Enrico Bartolini,Cioccaro,Piemonte
sui generis.,Saronno,Lombardia
Antica Locanda del Villoresi,Nerviano,Lombardia
Ceresio 7,Milan,Lombardia
Vini da Gigio,Venice,Veneto
Il Tiglio,Montemonaco,Marche
J Contemporary Japanese Restaurant,Naples,Campania
Famiglia Rana,Oppeano,Veneto
iPalici,Viagrande,Sicilia
Serendepico,Capannori,Toscana
Crocifisso,Noto,Sicilia
Il Labirinto,Brescia,Lombardia
Palazzo Branciforte,Palermo,Sicilia
Osteria Mondo d'Oro,Verona,Veneto
Il Bavaglino,Terrasini,Sicilia
Le Due Lanterne,Nizza Monferrato,Piemonte
Alici,Amalfi,Campania
Taverna da Ciacco,San Quirico d'Orcia,Toscana
Hostaria alla Tavernetta,Udine,Friuli-Venezia Giulia
La Chioccia d'Oro,Vallo della Lucania,Campania
Il Piastrino,Pennabilli,Emilia-Romagna
Camana Veglia,Livigno,Lombardia
Al Camin,Cortina d'Ampezzo,Veneto
Nove,Alassio,Liguria
La Fortuna,Campagnola Cremasca,Lombardia
Osteria alla Chiesa,Monfumo,Veneto
La Masseria,Modena,Emilia-Romagna
I Tri Siochètt,Parma,Emilia-Romagna
Gassenwirt,Kiens,Trentino-Alto Adige/Südtirol
Osteria dei Segreti,Appignano,Marche
Oste Scuro - Finsterwirt,Brixen,Trentino-Alto Adige/Südtirol
Azotea,Turin,Piemonte
Kirchsteiger,Foiana,Trentino-Alto Adige/Südtirol
Bacco,Barletta,Puglia
Crub,Cava de' Tirreni,Campania
Dattilo,Strongoli,Calabria
I Savi,Scorzè,Veneto
Glicine,Amalfi,Campania
Duomo,Alessandria,Piemonte
Gerani,Sant'Antonio Abate,Campania
Buriani dal 1967,Pieve di Cento,Emilia-Romagna
Trattoria dall'Antonia,Mira,Veneto
Castel Toblino,Castel Toblino,Trentino-Alto Adige/Südtirol
Nida,Lucca,Toscana
Lo Stornello,Stresa,Piemonte
Da Attilio,Naples,Campania
La Meridiana,Domodossola,Piemonte
Re Maurì,Salerno,Campania
La Saletta,Alghero,Sardigna/Sardegna
Cannavacciuolo Vineyard,Casanova di Terricciola,Toscana
Acanto,Milan,Lombardia
Abraxas Osteria,Pozzuoli,Campania
Vecchia Malcesine,Malcesine,Veneto
Mater1apr1ma,Pontinia,Lazio
La Fratanza,Nocera Superiore,Campania
Casa Fantini/Lake Time,Pella,Piemonte
Olio,Origgio,Lombardia
Buca di Sant'Antonio,Lucca,Toscana
L'Antico Giardino,Ravalle,Emilia-Romagna
Saporium Firenze,Florence,Toscana
Cielo,Ostuni,Puglia
Il Giardino del Gusto,Ventimiglia,Liguria
Il Sale,San Vincenzo,Toscana
Suscettibile Salerno,Salerno,Campania
Trattoria da Probo,Bagnolo in Piano,Emilia-Romagna
Baia del Silenzio,Sestri Levante,Liguria
L'Acquario,Castiglione del Lago,Umbria
Il Sanlorenzo,Rome,Lazio
Coria,Catania,Sicilia
Musciora,Alghero,Sardigna/Sardegna
Pashà,Conversano,Puglia
Le Grenier,Saint-Vincent,Valle d'Aosta / Vallée d'Aoste
Antico Albergo,Limito,Lombardia
La Pergola,Rome,Lazio
Antico Morer,Treviso,Veneto
Caffè delle Rose Bistrot,Verbania,Piemonte
Cestello Firenze,Florence,Toscana
Osteria Numero Sette,Rastignano,Emilia-Romagna
Alla Locanda,Canazei,Trentino-Alto Adige/Südtirol
Le Calandre,Rubano,Veneto
Il Marin,Genoa,Liguria
Il Visibilio,Castelnuovo Berardenga,Toscana
Vite,Lancenigo,Veneto
Osteria Vecchio Borgo,Cuneo,Piemonte
La Casina,Drena,Trentino-Alto Adige/Südtirol
Soprattutto,Santa Maria di Sala,Veneto
Antiche Mura,Riva del Garda,Trentino-Alto Adige/Südtirol
Trattoria Rigoletto,Brescia,Lombardia
Glam Enrico Bartolini,Venice,Veneto
Pernambucco,Albenga,Liguria
Osteria Il Cappello,Trento,Trentino-Alto Adige/Südtirol
Antica Osteria Il Monte Rosso,Suna,Piemonte
La Magnolia,Forte dei Marmi,Toscana
MikEle,Maranello,Emilia-Romagna
Tosca,Casole d'Elsa,Toscana
Porta di Basso,Peschici,Puglia
Umberto De Martino,San Paolo d'Argon,Lombardia
Due Pini,Madonna di Campiglio,Trentino-Alto Adige/Südtirol
Casa Perrotta Restaurant,Cernobbio,Lombardia
Filippino,Lipari,Sicilia
Corsaro Nero,Marina di Arbus,Sardigna/Sardegna
Mater,Moggiona,Toscana
Osteria Contemporanea,Gattinara,Piemonte
Sadler,Milan,Lombardia
Miil,Cermes,Trentino-Alto Adige/Südtirol
Al Carroponte,Bergamo,Lombardia
Selvatico,Rivanazzano Terme,Lombardia
Punta Lena,Stromboli,Sicilia
Crotto Valtellina,Malnate,Lombardia
Il Palagio,Florence,Toscana
Enoteca di Buttrio,Buttrio,Friuli-Venezia Giulia
Da Noemi,Ferrara,Emilia-Romagna
I Pupi,Bagheria,Sicilia
Le Colonne,Santa Maria Maggiore,Lazio
Marina del Nettuno,Messina,Sicilia
Parma Rotta,Parma,Emilia-Romagna
Riso Amaro,Fondi,Lazio
Agriturismo Ferdy,Lenna,Lombardia
Namo Ristobottega,Tarquinia,Lazio
Gainn,Rome,Lazio
Da Gerry,Monfumo,Veneto
Līmū,Bagheria,Sicilia
L'Osteria del Castellazzo,Salsomaggiore Terme,Emilia-Romagna
Osteria Bartolini,Bologna,Emilia-Romagna
Abba,Milan,Lombardia
La Botte,Stresa,Piemonte
Da Andrea,Marina di Cecina,Toscana
Abocar Due Cucine,Rimini,Emilia-Romagna
Locanda Viola,Pagazzano,Lombardia
Marc Lanteri,Castagnito d'Alba,Piemonte
Il Ristorante - Niko Romito,Rome,Lazio
Milano,Pallanza,Piemonte
Nello,San Casciano in Val di Pesa,Toscana
Atelier,Domodossola,Piemonte
Villa Aurora,Soiano del Lago,Lombardia
La Tavola Rossa di Vincenzo Guarino,Sellano,Umbria
Soltojo,Caiolo,Lombardia
Il Pagliaccio,Rome,Lazio
San Tommaso 10,Turin,Piemonte
Rosso di Sera,Castelletto sopra Ticino,Piemonte
La Locanda Gesù Vecchio,Naples,Campania
Scuderie Sabaude,Pollenzo,Piemonte
Hosteria del Platano,Varenna,Lombardia
Indiniò,Raveo,Friuli-Venezia Giulia
Buscone,Varzi,Lombardia
La Locanda di Pietracupa,San Donato in Poggio,Toscana
Hostaria Viola,Castiglione delle Stiviere,Lombardia
"Da Flavio e Fabrizio ""Al Teatro""",Mirano,Veneto
Ba Restaurant,Milan,Lombardia
Altatto Bistrot,Milan,Lombardia
San Martino,Treviglio,Lombardia
Senso Alfio Ghezzi Lake Garda,Limone sul Garda,Lombardia
Locanda 4 Cuochi,Verona,Veneto
L'Ostì,Corvara in Badia,Trentino-Alto Adige/Südtirol
La Torre,Spilimbergo,Friuli-Venezia Giulia
Chichibio,Roccaraso,Abruzzo
Beccaccino,Sorico,Lombardia
Il Marchese - Osteria Mercato Liquori,Milan,Lombardia
Tola Rasa,Padua,Veneto
PS Ristorante,Cerreto Guidi,Toscana
Rada Rooftop,Positano,Campania
Maré,Cesenatico,Emilia-Romagna
Villa Crespi,Orta San Giulio,Piemonte
Ape Vino e Cucina,Alba,Piemonte
Zur Rose,San Michele,Liguria
Arca,San Benedetto del Tronto,Marche
La Primula,San Quirino,Friuli-Venezia Giulia
Trattoria contemporanea,Lomazzo,Lombardia
Osaka,Milan,Lombardia
La Serra,Positano,Campania
Antica Filanda,Capri Leone,Sicilia
Filia Ristorante,Verona,Veneto
Le Cementine,Roncade,Veneto
Bianca sul Lago,Oggiono,Lombardia
daní maison,Ischia,Campania
Villa Pizzini,Stresa,Piemonte
Antica Trattoria Giovanelli,Sarturano,Emilia-Romagna
Café Cracco,Milan,Lombardia
Osteria Veglio,La Morra,Piemonte
Il Cascinalenuovo,Isola d'Asti,Piemonte
La Cuccagna - Giro di Vite,Crispiano,Puglia
Indaco,Lacco Ameno,Campania
Miranda,Riva di Solto,Lombardia
Il Cantuccio,Albavilla,Lombardia
Il Capestrano,Milan,Lombardia
Borgo San Jacopo,Florence,Toscana
Scatto,Turin,Piemonte
Aubergine,Abano Terme,Veneto
La Rucola 2.0,Sirmione,Lombardia
Il Mecenate,Lucca,Toscana
Osteria della Villetta,Palazzolo sull'Oglio,Lombardia
Bottega Culinaria,San Vito Chietino,Abruzzo
Belvedere,Porto Cervo,Sardigna/Sardegna
Stella d'Italia,Pastrengo,Veneto
Uliassi,Senigallia,Marche
Me Cumpari Turiddu,Catania,Sicilia
Cucina,Florence,Toscana
Orma Roma,Rome,Lazio
L'Osteria H20,Moniga del Garda,Lombardia
Locanda La Raia,Gavi,Piemonte
Osteria alle Testiere,Venice,Veneto
Osteria La Solita Zuppa,Chiusi,Toscana
Alla Fassa,Castelletto di Brenzone,Veneto
Piazzetta Milù,Castellammare di Stabia,Campania
La Capuccina,Cureggio,Piemonte
Castel fine dining,Tirol,Trentino-Alto Adige/Südtirol
Castello Malvezzi,Brescia,Lombardia
Corte Matilde,Pieve di Coriano,Lombardia
Osteria della Corte,La Spezia,Liguria
Joca,Naples,Campania
A' Cuncuma,Palermo,Sicilia
Il Grottino,Gualdo Cattaneo,Umbria
Lamberti,Alassio,Liguria
Locanda 53 Supper Club,Arco,Trentino-Alto Adige/Südtirol
Arnaldo - Clinica Gastronomica,Rubiera,Emilia-Romagna
Pescarino-Sapori di Terra e di Mare,Montemarcello,Liguria
I Pifferi,Sala Baganza,Emilia-Romagna
28 Posti,Milan,Lombardia
La Sosta,Brescia,Lombardia
Vesta Mare,Marina di Pietrasanta,Toscana
Antica Trattoria del Gallo,Vigano,Lombardia
Adelaide,Rome,Lazio
D.One Restaurant,Montepagano,Abruzzo
Cala Luna,Cefalu,Sicilia
Mirko's,Castellammare del Golfo,Sicilia
Opera|02,Levizzano Rangone,Emilia-Romagna
La Brughiera,Senago,Lombardia
La Leggenda dei Frati,Florence,Toscana
Il Tufo Allegro,Pitigliano,Toscana
Deste,Porto Rotondo,Sardigna/Sardegna
Ad Astra,Santa Maria della Versa,Lombardia
Il Tino,Fiumicino,Lazio
Punto G,Monza,Lombardia
Cibrèo,Florence,Toscana
InGalera,Milan,Lombardia
Signore te ne ringrazi,Macerata,Marche
Al Becco della Civetta,Castelmezzano,Basilicata
Gina,Aosta,Valle d'Aosta / Vallée d'Aoste
Apollonia,Nals,Trentino-Alto Adige/Südtirol
Durnwald,Gsies,Trentino-Alto Adige/Südtirol
Gasthofstube Stafler,Mules,Trentino-Alto Adige/Südtirol
Pietramare Natural Food,Isola di Capo Rizzuto,Calabria
Osteria del Teatro,Cortona,Toscana
Anticofurlo,Acqualagna,Marche
Baretto di San Vigilio,Bergamo,Lombardia
Osteria Le Panzanelle,Lucarelli,Toscana
Al Palazzo,Positano,Campania
Villa Lattanzi,Torre di Palme,Marche
Seta by Antonio Guida,Milan,Lombardia
Radimare,Monopoli,Puglia
Concezione Restaurant,Catania,Sicilia
Il Fuoco Sacro,San Pantaleo,Sardigna/Sardegna
St. George by Heinz Beck,Taormina,Sicilia
Da Ercole,Crotone,Calabria
Osteria Al GiGianca,Bergamo,Lombardia
Relais Blu,Massa Lubrense,Campania
Da Peppe,Rotonda,Basilicata
Le Monzù,Capri,Campania
Gimmi Restaurant,Lecce,Puglia
Da Burde,Florence,Toscana
KELINA Fine Dine,Corvara in Badia,Trentino-Alto Adige/Südtirol
FØRMA contemporary restaurant,L'Aquila,Abruzzo
La Buca,Cesenatico,Emilia-Romagna
Zàghara Restaurant,Caltanissetta,Sicilia
La Corte,Follina,Veneto
Lupaia,Torrita di Siena,Toscana
Osteria Origano,Minervino di Lecce,Puglia
Eggentaler,Cardano,Trentino-Alto Adige/Südtirol
Fiorfiore,Todi,Umbria
Locanda di Nonna Ida,Marano di Valpolicella,Veneto
Ai Do Campanili,Cavallino,Puglia
Retrobottega,Rome,Lazio
Daniela,San Casciano dei Bagni,Toscana
Al Gatto Verde,Modena,Emilia-Romagna
Lalibera,Alba,Piemonte
Ai Torchi,Finalborgo,Liguria
I Banchi,Ragusa,Sicilia
Angiò-Macelleria di Mare,Catania,Sicilia
Stefano Paganini alla Corte degli Alfieri,Magliano Alfieri,Piemonte
Poldo e Gianna Osteria,Rome,Lazio
Hostaria del Teatro,Castiglione delle Stiviere,Lombardia
Alessandro Feo,Marina di Casal Velino,Campania
Lou Ressignon,Cogne,Valle d'Aosta / Vallée d'Aoste
Alle Ciaspole,Fondo,Trentino-Alto Adige/Südtirol
Locanda Lo Scopiccio,Perignano,Toscana
Osteria 1861,Santa Maria di Castellabate,Campania
Il Santo Bevitore,Florence,Toscana
La Refezione,Garbagnate Milanese,Lombardia
Essenziale,Florence,Toscana
Abbruzzino,Catanzaro,Calabria
Abbruzzino Oltre,Lamezia Terme,Calabria
De Gustibus,Chieri,Piemonte
Shiroya,Rome,Lazio
Antica Osteria dei Camelì,Ambivere,Lombardia
Antica Macelleria Cecchini - Solociccia,Panzano,Emilia-Romagna
Trattoria del Cimino dal 1895,Caprarola,Lazio
Da Pode,San Gimignano,Toscana
La Passion,Vintl,Trentino-Alto Adige/Südtirol
Quadri,Venice,Veneto
Il Rivale in Città,Brescia,Lombardia
Vez,San Marzano di San Giuseppe,Puglia
Antica Osteria La Rampina,San Giuliano Milanese,Lombardia
Phi Restaurant - Giancarlo Morelli,Baia Sardinia,Sardigna/Sardegna
Osteria La Pimpinella,Bra,Piemonte
Feel Como,Como,Lombardia
Alpenrose,Brixen,Trentino-Alto Adige/Südtirol
Antica Osteria da Penacio,Arcugnano,Veneto
Locanda del Pilone,Alba,Piemonte
Il Sogno,Vetrego,Veneto
La Torre,Santa Maria Annunziata,Marche
Belé,Milan,Lombardia
Tano Passami l'Olio,Milan,Lombardia
Il Presidente,Lucera,Puglia
Castagneto,Montrigiasco,Piemonte
Posta,Bologna,Emilia-Romagna
Motelombroso,Milan,Lombardia
La Braseria,Osio Sotto,Lombardia
Henri Restaurant,Viareggio,Toscana
Il Piccolo Principe,Viareggio,Toscana
Da Cecco,Torre del Lago Puccini,Toscana
La Martinatica,Pietrasanta,Toscana
Ca' Mia,Alserio,Lombardia
Tre Olivi,Paestum,Campania
Locanda dell'Arcimboldo,Coriano Veronese,
Pascalucci,San Nicola Manfredi,Campania
Unterwirt,Gudon,Trentino-Alto Adige/Südtirol
Le Cupole,Rapallo,Liguria
Ai Burattini,Adrara San Martino,Lombardia
Alla Corte Lombarda,Mornago,Lombardia
Salotto sul Mare,Terrasini,Sicilia
Da Lorenzo,Scala,Campania
W Villadorata Country Restaurant,Noto,Sicilia
Da Fausto,Fondi,Lazio
Carusu,Agrigento,Sicilia
Hosteria Giusti,Modena,Emilia-Romagna
Andrea Aprea,Milan,Lombardia
La Maison Delfino,Moncalieri,Piemonte
Vitis,Brixen,Trentino-Alto Adige/Südtirol
La Tana Gourmet,Asiago,Veneto
Locanda del Molino,Cortona,Toscana
Schöneck,Molini,Piemonte
Osteria Cascina dei Fiori,Borgo Vercelli,Piemonte
Oltremare,Maiori,Campania
Trattoria della Posta,Monforte d'Alba,Piemonte
Il Capriolino,Vodo di Cadore,Veneto
Il Gallo Cedrone,Madonna di Campiglio,Trentino-Alto Adige/Südtirol
Regallo,Biella,Piemonte
Bacco e Arianna,Trezzano sul Naviglio,Lombardia
Moscatello Muliner,Pozzolengo,Lombardia
Josto,Cagliari,Sardigna/Sardegna
Paolo Teverini,Bagno di Romagna,Emilia-Romagna
Laghetto,Brusson,Valle d'Aosta / Vallée d'Aoste
La Cucina dei Frigoriferi Milanesi,Milan,Lombardia
Casa Vicina,Turin,Piemonte
Le Colonne,Caserta,Campania
Vecio Macello,Verona,Veneto
Bistrot La Perla,Corvara in Badia,Trentino-Alto Adige/Südtirol
Santa Elisabetta,Florence,Toscana
Borgo Sant'Anna,Monforte d'Alba,Piemonte
Cannavacciuolo Bistrot,Turin,Piemonte
Harry's Piccolo,Trieste,Friuli-Venezia Giulia
Villa Pignano,Volterra,Toscana
Andrea Monesi - Locanda di Orta,Orta San Giulio,Piemonte
Gatto Rosso,Taranto,Puglia
Trattoria da Amerigo,Savigno,Emilia-Romagna
Del Belbo - Da Bardon,San Marzano Oliveto,Piemonte
Fàula,Cerretto Langhe,Piemonte
MU Dimsum,Milan,Lombardia
Lorenzo,Forte dei Marmi,Toscana
Hostaria Baccofurore,Furore,Campania
Sora Maria e Arcangelo,Olevano Romano,Lazio
Gardenia,Caluso,Piemonte
Romolo Mare,Bordighera,Liguria
Osteria del Tempo Perso,Ravenna,Emilia-Romagna
Osteria del Tasso,Bolgheri,Toscana
Alla Lanterna,Fano,Marche
Dalie e Fagioli,Manerba del Garda,Lombardia
Casamare,Salerno,Campania
Dalla Rosa Alda,San Giorgio di Valpolicella,Veneto
Cut,Caravaggio,Lombardia
Evan's,Cassino,Lazio
Nascostoposto,Terni,Umbria
La Sala dei Grappoli,Montalcino,Toscana
L'Arcade,Porto San Giorgio,Marche
Caino,Montemerano,Toscana
Quadri Bistrot,Milan,Lombardia
Franceschetta 58,Modena,Emilia-Romagna
Vairo del Volturno,Vairano Patenora,Campania
Arva,Venice,Veneto
Battaglino,Bra,Piemonte
Colline Emiliane,Rome,Lazio
Ai Gondolieri,Venice,Veneto
Vicolo Colombina,Bologna,Emilia-Romagna
L'Osteria di Santa Marina,Venice,Veneto
Marco Martini Restaurant,Rome,Lazio
Pascucci al Porticciolo,Fiumicino,Lazio
Imperialino,Moltrasio,Lombardia
Il Pozzo,Reggio Emilia,Emilia-Romagna
GioEle,Stradella,Lombardia
Futura,Chieti,Abruzzo
Ora d'Aria,Florence,Toscana
Il Convito della Venaria,Venaria Reale,Piemonte
Capriccio,Manerba del Garda,Lombardia
Fattoria delle Torri,Modica,Sicilia
Ristorante 1500,San Vigilio,Lombardia
ChiaroScuro,Cagliari,Sardigna/Sardegna
Capogiro,Baia Sardinia,Sardigna/Sardegna
SanBrite,Cortina d'Ampezzo,Veneto
Mangiare Bere Uomo Donna,Suzzara,Lombardia
La Pista,Turin,Piemonte
Donevandro,Popoli,Abruzzo
Chalet Gerard,Selva di Val Gardena,Trentino-Alto Adige/Südtirol
Lo Stuzzichino,Sant'Agata sui Due Golfi,Campania
Pierre - Trattoria Sartoriale,Treviso,Veneto
[àbitat],San Fermo della Battaglia,Lombardia
Palazzo Petrucci Pizzeria,Naples,Campania
Fiorentino e Locanda del Giglio,Sansepolcro,Toscana
La Chiocciola,Quartiere di Portomaggiore,Emilia-Romagna
Hanswirt,Rablà,Trentino-Alto Adige/Südtirol
Trattoria 'petito,Forlì,Emilia-Romagna
Il Ristorante Alain Ducasse Napoli,Naples,Campania
Autem*,Milan,Lombardia
Gino Sorbillo,Naples,Campania
Le Tre Colombe,Fornace,Trentino-Alto Adige/Südtirol
Lunasia,Viareggio,Toscana
El Molin,Cavalese,Trentino-Alto Adige/Südtirol
Faraglioni Restaurant,Aci Castello,Sicilia
Agli Amici Dopolavoro,Venice,Veneto
Osteria Il Maialetto,Monsummano Terme,Toscana
Palmerino - Il Bacalà a Sandrigo,Sandrigo,Veneto
Materia Prima,Castel di Sangro,Abruzzo
Bino,Savona,Liguria
Angelo Sabatelli,Putignano,Puglia
Il Cavallo Scosso,Asti,Piemonte
Antinè,Barbaresco,Piemonte
Emilio,Fermo,Marche
Locanda Gulfi,Chiaramonte Gulfi,Sicilia
Locale,Florence,Toscana
Guallina,Mortara,Lombardia
All’Ombra del Gabbiano,Mestre,Veneto
Restaurant 700,Ostuni,Puglia
Osteria San Giulio,Badia di Dulzago,Piemonte
Antica Locanda,Caserta,Campania
Dama Restaurant,Venice,Veneto
Antica Osteria del Ponte,Cassinetta di Lugagnano,Lombardia
Degusteria del Gigante,San Benedetto del Tronto,Marche
Spin Ristorante-Enoteca,Genoa,Liguria
Antica Osteria Nonna Rosa,Vico Equense,Campania
Massimo Camia,La Morra,Piemonte
Dei Cantoni,Longiano,Emilia-Romagna
Trattoria Cibrèo - Il Cibrèino,Florence,Toscana
Ca' Apollonio Gourmet,Romano d'Ezzelino,Veneto
Le Antiche Sere,Lesina,Puglia
Su Murruai,Riola Sardo,Sardigna/Sardegna
Coxinendi,Sanluri,Sardigna/Sardegna
Da ö Vittorio,Recco,Liguria
Baccanti,Matera,Basilicata
Taverna del Grappolo Blu,Montalcino,Toscana
Il Melograno,Trani,Puglia
13 Comuni,Velo Veronese,Veneto
La Rosina,Marostica,Veneto
La Rei Natura by Michelangelo Mammoliti,Serralunga d'Alba,Piemonte
Lokanda Devetak,Savogna d'Isonzo,Friuli-Venezia Giulia
Da Orlando,Cusago,Lombardia
Antica Trattoria La Toppa,San Donato in Poggio,Toscana
Le Logge del Vignola,Montepulciano,Toscana
Ruris,Isola di Capo Rizzuto,Calabria
Cile's,Fano,Marche
Osteria Magona,Bolgheri,Toscana
Modì,Torregrotta,Sicilia
Sapio,Catania,Sicilia
CENERE - Museum & Bistrot,Pompei,Campania
Impero,Sizzano,Piemonte
Lorelei,Sorrento,Campania
Paolo e Barbara,San Remo,Emilia-Romagna
Luna Rossa,Terranova di Pollino,Basilicata
L'antica Pizzeria da Michele,Naples,Campania
La Luge,Breuil Cervinia,Valle d'Aosta / Vallée d'Aoste
Zest,Sorrento,Campania
Equilibrio,Dolcedo,Liguria
Buatta Cucina Popolana,Palermo,Sicilia
Laurin,Bolzano,Trentino-Alto Adige/Südtirol
Burjè 1968,Corvara in Badia,Trentino-Alto Adige/Südtirol
Caffè Dante Bistrot,Verona,Veneto
Madama Piola,Turin,Piemonte
Frosch Restaurant,Varena,Trentino-Alto Adige/Südtirol
Bentōteca,Milan,Lombardia
Osteria dalla Peppa,Fano,Marche
Hyle,San Giovanni in Fiore,Calabria
Sa Cardiga e Su Schironi,Capoterra,
Marelet,Treviglio,
Osteria del Borgo,Galliate,
Cortile Arabo,Marzamemi,
Amanõ,Cagliari,
Piacentino,Bobbio,
Alto,Fiorano Modenese,
Da Gigi,Crandola Valsassina,
Green T.,Rome,
Ahimè,Bologna,Emilia-Romagna
Scannabue Caffè Restaurant,Turin,Piemonte
Evo Ristorante,Alberobello,Puglia
Trattoria la Colonna,Rottofreno,Emilia-Romagna
Da Gorini,San Piero in Bagno,Emilia-Romagna
U.P.E.P.I.D.D.E.,Ruvo di Puglia,Puglia
Cannavacciuolo by the Lake,Pettenasco,Piemonte
Osteria Fernanda,Rome,Lazio
Da Vittorio,Brusaporto,Lombardia
Le Lampare al Fortino,Trani,Puglia
Giardinetto,Pettenasco,Piemonte
Cucina Rambaldi,Villar Dora,Piemonte
Corbezzoli,Bologna,Emilia-Romagna
Forma,Civitavecchia,Lazio
Trattoria Pennestri,Rome,Lazio
Rendenèr Alpine Food,Pinzolo,Trentino-Alto Adige/Südtirol
Linfa,San Gimignano,
La Péniche,Marina di Massa,
Villa Salina,Moretta,Piemonte
Osteria Bertaina,Mondovì,Piemonte
Osteria di Passignano,Passignano,Emilia-Romagna
Ansitz Steinbock,Villandro,Trentino-Alto Adige/Südtirol
Vitantonio Lombardo,Matera,Basilicata
Mingone,Carnello,Lazio
Il Luogo Aimo e Nadia,Milan,Lombardia
Locanda del Barone,Caramanico Terme,Abruzzo
Antica Farmacia,Palaia,Toscana
Tenne Lodges,Colle,Friuli-Venezia Giulia
Vert Osteria Contemporanea,Caprino Veronese,Veneto
Principe di Belludia,Noto,Sicilia
Oishi,Teramo,Abruzzo
Augurio,Trento,Trentino-Alto Adige/Südtirol
Prezioso,Merano,Trentino-Alto Adige/Südtirol
La Cerreta Osteria,Sassetta,Toscana
Don Alfonso 1890,Sant'Agata sui Due Golfi,Campania
Alla Pace,Sauris,Friuli-Venezia Giulia
Trattoria Via Vai,Bolzone,Lombardia
Frades La Terrazza,Porto Cervo,Sardigna/Sardegna
LoRo,Trescore Balneario,Lombardia
Villa Baroni,Bodio Lomnago,Lombardia
Trattoria Al Passo,Venice,Veneto
Frades Porto Cervo,Milan,Lombardia
Al Cjasal,San Michele al Tagliamento,Veneto
Visione Restaurant and Living,Barbaresco,Piemonte
Signum,Malfa,Sicilia
Da Giacomo,Pizzighettone,Lombardia
The Cook,Genoa,Liguria
Maso Runch-Hof,Pedraces,Trentino-Alto Adige/Südtirol
Metodo,Marne,Lombardia
La Ciotola,Porcia,Friuli-Venezia Giulia
Zum Löwen,Tisens,Trentino-Alto Adige/Südtirol
Benso,Forlì,Emilia-Romagna
Il Funghetto,Latina,Lazio
Da Fausto,Cavatore,Piemonte
Casa Bertini,Recanati,Marche
Luca's by Paulo Airaudo,Florence,Toscana
Tana de 'l Ors,Forno di Zoldo,Veneto
Une,Capodacqua,Umbria
Da Nando,Mortegliano,Friuli-Venezia Giulia
La Rosa dei Venti,Milan,Lombardia
Leon d'Oro,Pralboino,Lombardia
Osteria del Trentino - Da Marco,Piacenza,Emilia-Romagna
Calvi Ristorante,Altamura,Puglia
Marixx,Ventimiglia,Liguria
Casa della Rocca,Dolcedo,Liguria
John Restaurant-Casamadre,Afragola,Campania
Macelleria Motta,Bellinzago Lombardo,Lombardia
La Coldana,Lodi,Lombardia
L˜ARIA,Blevio,Lombardia
La Zanzara,Codigoro,Emilia-Romagna
Il Saraceno,Cavernago,Lombardia
Canova by Sadler,Venice,Veneto
Trippa,Milan,Lombardia
Lido 84,Fasano del Garda,
Aqua,Torbole,Lombardia
Quel Fantastico Giovedì,Ferrara,Emilia-Romagna
Doppio Gusto,Milazzo,Sicilia
Truth Restaurant,Aversa,Campania
La Musa Restaurant & Rooftop Terrace,Cima,Lombardia
Contrasto,Cercemaggiore,Molise
Osteria Ophis,Offida,Marche
Dallo Zio,Rimini,Emilia-Romagna
La Corniola,Pescocostanzo,Abruzzo
Oseleta,Cavaion Veronese,Veneto
I Due Buoi,Olivola,Piemonte
Il Cantinone e Sport Hotel Alpina,Madesimo,Lombardia
Alajmo Cortina,Cortina d'Ampezzo,Veneto
Le Viole,Castelnovo di Baganzola,
Le Cedrare,Illasi,Veneto
Scaraboci,Marciana Marina,Toscana
Da Nadia,Clusane d'Iseo,Lombardia
Storie d'Amore,Borgoricco,Veneto
Locanda Don Serafino,Ragusa,Sicilia
Bis Osteria Italiana Contemporanea,Colle di Val d'Elsa,Toscana
Grual,Pinzolo,Trentino-Alto Adige/Südtirol
La Cascina 1899,Rocella Jonica,
VeRo - Venetian Roots,Venice,Veneto
Lucenti,Montefiorino,Emilia-Romagna
La Fossa del Grano,San Severo,Puglia
Borgo Spoltino,Mosciano Sant'Angelo,Abruzzo
"Olona - ""Da Venanzio"" dal 1922",Induno Olona,Lombardia
Li Jalantuùmene,Monte Sant'Angelo,Puglia
L’Alchimia,Milan,Lombardia
L'Insolita Trattoria Tre Soldi,Florence,Toscana
Osteria de Börg,Rimini,Emilia-Romagna
La Filanda,Manciano,Toscana
Essentia,Castrocaro Terme,Emilia-Romagna
Podere San Faustino,Fidenza,Emilia-Romagna
Osteria Il Bagatto,Limone Piemonte,Piemonte
L'Oste Dispensa,Orbetello,Toscana
Unforgettable,Turin,Piemonte
Porcino,Badia,Trentino-Alto Adige/Südtirol
Armando al Pantheon,Rome,Lazio
Sensi,Amalfi,Campania
Materia,Cernobbio,Lombardia
DaV  Mare,Portofino,Liguria
Osteria della Brughiera,Villa d'Almè,Lombardia
La Locanda di Fabio e Vale,Offanengo,Lombardia
Il Ristorante - Niko Romito,Milan,Lombardia
Ristorante de LEN,Cortina d'Ampezzo,Veneto
Da Alighiero,Anghiari,Toscana
Café Quinson,Morgex,Valle d'Aosta / Vallée d'Aoste
Winter Garden Florence,Florence,Toscana
Osteria dal Moro,Giulianova Lido,
53 Untitled,Rome,Lazio
Villa Fiordaliso,Gardone Riviera,Lombardia
Hosteria Toblino,Sarche di Madruzzo,Trentino-Alto Adige/Südtirol
Borgia Milano,Milan,Lombardia
Dimora Ulmo,Matera,Basilicata
Il Focarile,Aprilia,Lazio
La Locanda dei Beccaria,Montù Beccaria,Lombardia
Ca' Matilde,Rubbianino,Emilia-Romagna
Burro & Alici,Marotta,Marche
Antica Osteria Magenes,Barate,Lombardia
Bramea,Palazzo San Gervasio,Basilicata
I Rodella,Deruta,Umbria
Il Basilisco,Treviso,Veneto
I Due Cippi dal 1976,Saturnia,Toscana
Le Vie del Borgo,Toceno,Piemonte
Il Galeone,Fano,Marche
Meraviglioso Osteria Moderna,Polignano a Mare,Puglia
Re Santi e Leoni,Nola,Campania
Controcorrente,Noli,Liguria
Wood,Breuil Cervinia,Valle d'Aosta / Vallée d'Aoste
La Credenza,San Maurizio Canavese,Piemonte
Le Cicale,Spinetta Marengo,Piemonte
Remulass,Milan,Lombardia
Antica Moka,Modena,Emilia-Romagna
Romano,Viareggio,Toscana
L'Acciuga,Ravenna,Emilia-Romagna
Tre Galline,Turin,Piemonte
ConTatto,Frascati,Lazio
Osteria da Cippi,Frisanco,Friuli-Venezia Giulia
Acqua Pazza,Ponza,Lazio
Fè Ristorante,Noci,Puglia
Canapone,Grosseto,Toscana
Marina Grande,Amalfi,Campania
Savô,Laigueglia,Liguria
Brindo,Cusago,Lombardia
Duo,Chiavari,Liguria
La Porta Restaurant,Bologna,Emilia-Romagna
Osteria della Foce,Genoa,Liguria
Il Circolino,Monza,Lombardia
Locanda Perbellini - Ai Beati,Garda,Veneto
Moma,Rome,Lazio
Umami,Badalucco,Liguria
Pantagruele,Brindisi,Puglia
12 Ristorante,Cesenatico,Emilia-Romagna
Al Vedel,Vedole,Emilia-Romagna
Pescheria,Salerno,Campania
Grantosco,Grosseto,Toscana
Carignano,Turin,Piemonte
Ichikawa,Milan,Lombardia
Aurora,Feltre,Veneto
La Madernassa,Guarene,Piemonte
Nerina,Romeno,Trentino-Alto Adige/Südtirol
Rezzano Cucina e Vino,Sestri Levante,Liguria
Gallo Nero,Sienna,Toscana
Duo,San Felice del Benaco,Lombardia
Bacucco d'Oro,Mutignano,Abruzzo
Taverna 58,Pescara,Abruzzo
Locanda Perbellini al Mare,Montallegro,Sicilia
Ada,Perugia,Umbria
Elephant,Brixen,Trentino-Alto Adige/Südtirol
Al Malò - Cucina e Miscelazione,Rovato,Lombardia
Anto e Robi,Robbio,Lombardia
Caffè Meletti,Ascoli Piceno,Marche
Trattoria di Via Serra,Bologna,Emilia-Romagna
Esplanade,Desenzano del Garda,Lombardia
La Cantinella,Montemarciano,Marche
Ostaria Tyrol,Moena,Trentino-Alto Adige/Südtirol
Dolomieu,Madonna di Campiglio,Trentino-Alto Adige/Südtirol
L'Ottava Nota,Palermo,Sicilia
Giorgio e Flora,Velo,Veneto
Procaccini,Milan,Lombardia
Ling's Ravioleria Migrante,Bologna,Emilia-Romagna
Campamac,Barbaresco,Piemonte
MoS,Desenzano del Garda,Lombardia
L'Olivo,Anacapri,Campania
Hostaria dai Musi,Alba,Piemonte
La Gritta,Palau,Sardigna/Sardegna
Domenico dal 1968,Rome,Lazio
Li Somari,Tivoli,Lazio
Terrazza Costantino,Sclafani Bagni,Sicilia
Cappuccini Cucina San Francesco,Cologne,Lombardia
Estrò,Pescara,Abruzzo
Radici Osteria Contemporanea,Gallarate,Lombardia
Dim Sum,Milan,Lombardia
Da Severino il Vecchio - Di Luciano,Senorbì,Sardigna/Sardegna
Accursio,Modica,Sicilia
Tre Scalini,Novara,Piemonte
Hostaria da Franz,Venice,Veneto
Blaue Traube,Algund,Trentino-Alto Adige/Südtirol
Osteria dell'Arco,Alba,Piemonte
Antica Osteria del Mare,Milan,Lombardia
Trattoria I Masenini,Verona,Veneto
Dalla Gioconda,Gabicce Monte,Marche
Don Camillo,Syracuse,Sicilia
Da Nonna Sceppa,Paestum,Campania
Agriturismo Il Cavallino,Semproniano,Toscana
Satricvm,Le Ferriere,Lazio
Duo Ristorante,Lecce,Puglia
aldìVino,Corciano,Umbria
Le Miniere,Traversella,Piemonte
ME Restaurant,Pizzo,Calabria
Wistèria,Venice,Veneto
Osteria Piazzetta Cattedrale,Ostuni,Puglia
Nostrano,Pesaro,Marche
Villa Giulia - Al Terrazzo,Valmadrera,Lombardia
La Torre,Tavarnelle Val di Pesa,Toscana
Cacciatori,Cartosio,Piemonte
Guidoristorante,Serralunga d'Alba,Piemonte
Dina,Gussago,Lombardia
La Brinca,Ne,Liguria
Maxi,Vico Equense,Campania
Cracco Portofino,Portofino,Liguria
Aciniello,Campobasso,Molise
Bottega Lucia,Milan,Lombardia
Al Fogher,Piazza Armerina,Sicilia
Osteria dei Maltagliati,Torano Nuovo,Abruzzo
La Casa degli Spiriti,Costermano,Veneto
La Trota,Rivodutri,Lazio
Bracali,Ghirlanda,Toscana
Osteria Francescana,Modena,Emilia-Romagna
Ca' d'Frara,Ferrara,Emilia-Romagna
Masseria Moroseta,Ostuni,Puglia
Radici Gourmet,Padua,Veneto
Lineadombra,Venice,Veneto
Volta del Fuenti by Michele De Blasio,Vietri sul Mare,Campania
Santa Teresa,Genoa,Liguria
Krone,Aldino,Trentino-Alto Adige/Südtirol
Gimmy's,Aprica,Lombardia
Carne & Spirito,Brescia,Lombardia
Magazzino 52,Turin,Piemonte
Osteria le Logge,Sienna,Toscana
MOI Omakase,Prato,Toscana
Antica Trattoria Centro,Levanto,Liguria
Wine & Dine,Canazei,Trentino-Alto Adige/Südtirol
Le Baccanti,Nola,Campania
Trattoria al Pompiere,Verona,Veneto
San Baylon,Rome,Lazio
Rear Restaurant,Nola,Campania
Gong,Milan,Lombardia
Saur,Barco,Lombardia
La Società Milano,Milan,Lombardia
Osteria Billis,Tortona,Piemonte
Agritur El Mas,Moena,Trentino-Alto Adige/Südtirol
Cavalluccio Marino,Lampedusa,Sicilia
Il Pievano,Gaiole in Chianti,Toscana
Osteria Il Principe e Il Pirata,Pantelleria,Sicilia
L'Erba del Re,Modena,Emilia-Romagna
Sotto l'Arco,Bologna,Emilia-Romagna
La Fiaschetteria,Besenzone,Emilia-Romagna
Al Baliaggio,Venosa,Basilicata
Feria,Treviso,Veneto
Valli di Lanzo,Céres,Piemonte
Cucina Cereda,Ponte San Pietro,Lombardia
La Corte Gourmet,Lainate,Lombardia
Enoteca Pinchiorri,Florence,Toscana
Al Tonno di Corsa,Carloforte,Sardigna/Sardegna
Osteria Ricanatti,Ostuni,Puglia
SaQua by Il Frantoio,Montescudaio,Toscana
TerraMadre,Nettuno,Lazio
Locanda de Banchieri,Fosdinovo,Toscana
Lillotatini,Panicale,Umbria
Exé Restaurant,Fiorano Modenese,Emilia-Romagna
Il Calandrino,Rubano,Veneto
Piazza dei Mestieri,Turin,Piemonte
Mater Bistrot,Milan,Lombardia
Colline Ciociare,Acuto,Lazio
Da Poli alla Stazione,Castelnovo di Sotto,Emilia-Romagna
IO Luigi Taglienti,Piacenza,Emilia-Romagna
Bruxaboschi,San Desiderio,Piemonte
Marechiaro,Bolzano,Trentino-Alto Adige/Südtirol
Diana's Place,Rome,Lazio
Marsupino 1901,Briaglia,Piemonte
La Cucoma,San Pancrazio,Trentino-Alto Adige/Südtirol
Oro Restaurant,Venice,Veneto
Rueda Gaucha,Lignano Sabbiadoro,Friuli-Venezia Giulia
Kitchen,Como,Lombardia
Osteria Taviani,Bientina,Toscana
Salvo,Naples,Campania
Antiche Sere,Turin,Piemonte
Trattoria Leoni,Barbian,Trentino-Alto Adige/Südtirol
Grow Restaurant,Albiate,Lombardia
Casa Coppelle,Rome,Lazio
AceroRosso,Vodo di Cadore,Veneto
Bislakko,Vercelli,Piemonte
Il Doretto,Cecina,Toscana
Flurin,Glorenza,Trentino-Alto Adige/Südtirol
Podere 39,Florence,Toscana
Trattoria alla Pergola,Fagnano,Lombardia
Da Cesare,Rome,Lazio
Quattro Passi,Marina del Cantone,Campania
Casa D'Angelo,Fara Filiorum Petri,Abruzzo
Ego,Matera,Basilicata
San Michele,Fagagna,Friuli-Venezia Giulia
Bites,Milan,Lombardia
Cascina Vittoria,Rognano,Lombardia
La Locanda del Cardinale,Assisi,Umbria
Ai Porteghi Bistrot,Padua,Veneto
Sedicesimo Secolo,Pudiano,Lombardia
Antica Osteria il Ronchettino,Milan,Lombardia
Le Vele,Misano Adriatico,Emilia-Romagna
Osteria da Nando,Aosta,Valle d'Aosta / Vallée d'Aoste
Primo Restaurant,Lecce,Puglia
Caruso Roof Garden,Naples,Campania
Locanda Marchesani,Pomezia,Lazio
Almondo Trattoria,Turin,Piemonte
Osteria la Lanterna,Valsolda,Lombardia
Vecchia Lama,Lama Mocogno,Emilia-Romagna
Seta Sushi Restaurant,Bologna,Emilia-Romagna
La Kucina,Foggia,Puglia
L'Acchiatura,Racale,Puglia
Aquadulcis,Vallo della Lucania,Campania
La Conchiglia d'Oro,Pineto,Abruzzo
Il Flauto di Pan,Ravello,Campania
Osteria del Mirasole,San Giovanni in Persiceto,Emilia-Romagna
Acqua,Vieste,Puglia
Palais Royal Restaurant,Venice,Veneto
Estro Vino e Cucina,Venice,Veneto
Osteria Grande,Arezzo,Toscana
Vignamare,Andora,Liguria
Acqua Pazza,Bologna,Emilia-Romagna
177 toledo,Naples,Campania
Locanda Belvedere,Saludecio,Emilia-Romagna
Due Camini,Savelletri,Puglia
Per Me Giulio Terrinoni,Rome,Lazio
Dissapore di Andrea Catalano,Carovigno,Puglia
Locanda Martinelli,Nibbiaia,Toscana
Mamma Rosa,San Polo d'Enza,Emilia-Romagna
Locanda Stella d'Oro,Soragna,Emilia-Romagna
Reale,Castel di Sangro,Abruzzo
La Baita,Faenza,Emilia-Romagna
Principe Cerami,Taormina,Sicilia
Menegaldo,Monastier di Treviso,Veneto
Osteria dell'Accademia,Montegridolfo,Emilia-Romagna
I Tenerumi,Isola Vulcano,Sicilia
Essenza,Terracina,Lazio
Il Rivale al Lago,Padenghe sul Garda,Lombardia
Tre Noci,Spirano,Lombardia
La Stüa de Michil,Corvara in Badia,Trentino-Alto Adige/Südtirol
La Porta Antica,Brescia,Lombardia
Osteria Borsò Gambrinus,San Polo di Piave,Veneto
Osteria Altran,Ruda,Friuli-Venezia Giulia
La Lumira,Castelfranco Emilia,Emilia-Romagna
Opificio,Noventa Padovana,Veneto
Locanda del Falco,Rivalta Trebbia,Emilia-Romagna
Contaminazioni Restaurant,Somma Vesuviana,Campania
I 5 Sensi,Cuneo,Piemonte
Vineria Derthona,Tortona,Piemonte
De Gustibus - Maurizio,Palmi,Calabria
Fana Ladina,San Vigilio di Marebbe,Trentino-Alto Adige/Südtirol
Ca' del Profeta,Montaldo Scarampi,Piemonte
Il Frantoio,Colle di Val d'Elsa,Toscana
1908,Soprabolzano,Trentino-Alto Adige/Südtirol
Lord Nelson,Chiavari,Liguria
Campo del Drago,Montalcino,Toscana
Osteria Il Granaio,Rapolano Terme,Toscana
Orto,Monopoli,Puglia
Osteria Bakaré,Peschiera del Garda,Veneto
Taverna del Capitano,Marina del Cantone,Campania
La Gallina,Gavi,Piemonte
Vescovo Moro,Verona,Veneto
Antica Locanda dell'Orco,Rivarolo Canavese,Piemonte
Chicco di Grano,Castel Mella,Lombardia
La Dispensa di Armatore,Cetara,Campania
D'O,Cornaredo,Lombardia
Al Cambio,Bologna,Emilia-Romagna
Coquus,Lucera,Puglia
Taverna La Cialoma,Marzamemi,Sicilia
Oscar,Ardenza,Toscana
Casa Perbellini 12 Apostoli,Verona,Veneto
Badessa,Casalgrande,Emilia-Romagna
Tilia,Toblach,Trentino-Alto Adige/Südtirol
Trattoria da Me,Bologna,Emilia-Romagna
Bove's,Cuneo,Piemonte
Gabbiano 1983,Corte de' Cortesi,Lombardia
La Locanda dei Narcisi,Pozzolo Formigaro,Piemonte
Bottega Aleotti,Crevalcore,Emilia-Romagna
La Gioconda,Cagli,Marche
Cavour,Dossobuono,Veneto
Clandestino Susci Bar,Portonovo,Emilia-Romagna
La Quartina,Mergozzo,Piemonte
La Tortuga,Gargnano,Lombardia
Collina,Almenno San Bartolomeo,Lombardia
Iacobucci,Castel Maggiore,Emilia-Romagna
Voltalacarta,Genoa,Liguria
Josè Restaurant - Tenuta Villa Guerra,Torre del Greco,Campania
Alla Pasina,Dosson,Veneto
Silene,Seggiano,Toscana
Cucina Bacilieri,Ferrara,Emilia-Romagna
Veranda,Cesenatico,Emilia-Romagna
Rio Bistrot,Riomaggiore,Liguria
Villa Naj,Stradella,Lombardia
Trattoria da Fagiolino,Cutigliano,Toscana
Pierino Penati,Vigano,Lombardia
Qafiz,Santa Cristina d'Aspromonte,Calabria
Materia | Spazio Cucina,Catania,Sicilia
Gabbiano 3.0,Marina di Grosseto,Toscana
Trattoria Battibecco,Bologna,Emilia-Romagna
Il Frantoio,Assisi,Umbria
85 Bistrot,Sesto San Giovanni,Lombardia
Atto di Vito Mollica,Florence,Toscana
Locanda Baggio,Asolo,Veneto
Podere Belvedere Tuscany,Pontassieve,Toscana
Al Sorriso,Soriso,Piemonte
Zappatori,Pinerolo,Piemonte
Il Principe,Pompei,Campania
Pacifico,Milan,Lombardia
Michelasso,Naples,Campania
Caffè La Crepa,Isola Dovarese,Lombardia
Stube Hermitage,Madonna di Campiglio,Trentino-Alto Adige/Südtirol
La Locanda del Falco,Valdieri,Piemonte
Salsedine367,Lido di Savio,Emilia-Romagna
Hydra,Salerno,Campania
Lu Pisantinu,Arzachena,Sardigna/Sardegna
Retroscena,Porto San Giorgio,Marche
Al Grop,Tavagnacco,Friuli-Venezia Giulia
Osteria Antico Brolo,Gardone Riviera,Lombardia
Altriménti,Milan,Lombardia
Serendib,Milan,Lombardia
20Tre,Genoa,Liguria
L'Imbuto,Lucca,Toscana
Antica Osteria Cera,Lughetto,Veneto
L'Osteria dell'Orologio,Fiumicino,Lazio
Da Gregorio,Morrano Nuovo,Umbria
Da Nilo,Cetona,Toscana
L'A Gourmet L'Accademia,Reggio Calabria,Calabria
Pinocchio,Borgomanero,Piemonte
Osteria da Pietro,Castiglione delle Stiviere,Lombardia
Da Vincenzo,Positano,Campania
Next2,Positano,Campania
Osteria degli Assonica,Sorisole,Lombardia
Sot'Ajarchi,Ancona,Marche
Essencia Restaurant,Naples,Campania
Sottovoce,Como,Lombardia
Bel Ami,Maglie,Puglia
Duomo,Ragusa,Sicilia
DanielCanzian,Milan,Lombardia
Cantina dei Cacciatori,Monteu Roero,Piemonte
Molteni,Adria,Veneto
med,Treviso,Veneto
Il Desco,Verona,Veneto
Gusto by Sadler,San Teodoro,Sicilia
Saporium,Chiusdino,Toscana
Casa Format,Orbassano,Piemonte
Antica Trattoria da Miculan,Tricesimo,Friuli-Venezia Giulia
Januarius,Naples,Campania
L'Osteria della Trippa,Rome,Lazio
Nido del Picchio,Carpaneto Piacentino,Emilia-Romagna
Il Sereno Al Lago,Torno,Lombardia
Impronta,Albairate,Lombardia
Le Nove Scodelle,Milan,Lombardia
Il Piraña,Prato,Toscana
Riccio Restaurant,Bacoli,Campania
La Terrazza,Torbole,Lombardia
Il Fico trentacareghe,Lerici,Liguria
Casu Osteria Contemporanea,Giarre,Sicilia
Luciano Cucina Italiana,Rome,Lazio
Trattoria al Ponte,Lusia,Veneto
Il Pellicano,Porto Ercole,Toscana
Trattoria da Paeto,Pianiga,Veneto
Quattro Gigli,Montopoli in Val d'Arno,Toscana
Palazzo Utini,Noceto,Emilia-Romagna
Lanzani Bottega & Bistrot,Brescia,Lombardia
Ca' Del Moro,Grezzana,Veneto
SOMS,Pescara,Abruzzo
Vineria Modì,Taormina,Sicilia
Lo Scudiero,Pesaro,Marche
QuarantunoDodici,Fiumicino,Lazio
Locanda delle Grazie,Grazie,Lombardia
Miseria e Nobiltà,Campobasso,Molise
Lanterna Verde,Villa di Chiavenna,Lombardia
President,Pompei,Campania
Trattoria di Coronate,Morimondo,Lombardia
L'Archivolto - Osteria Nostrale,Ovada,Piemonte
Villa Feltrinelli,Gargnano,Lombardia
Malga Roncac,Moena,Trentino-Alto Adige/Südtirol
Bistrot,Forte dei Marmi,Toscana
Casa del Vino della Vallagarina,Isera,Trentino-Alto Adige/Südtirol
ES Cantina&Ristorante,Manduria,Puglia
L'Aia dei Cappellani,Trecchina,Basilicata
Trattoria Porteri,Brescia,Lombardia
Trequarti,Val Liona,Veneto
Carlo e Camillo,Turin,Piemonte
Locanda Radici,Melizzano,Campania
Charleston,Palermo,Sicilia
Matteo Ristorante,Biella,Piemonte
Forme Restaurant,Brescia,Lombardia
Li Lioni,Porto Torres,Sardigna/Sardegna
Antica Trattoria Cattivelli,Monticelli d'Ongina,Emilia-Romagna
Aria,Lavagna,Liguria
Taverna dell'Oca,Turin,Piemonte
Malenco,Chiesa in Valmalenco,Lombardia
Antiche Carampane,Venice,Veneto
La Villa,Melfi,Basilicata
Rifugio Col Alt,Corvara in Badia,Trentino-Alto Adige/Südtirol
La Veranda,Cernobbio,Lombardia
Gunè San Frediano,Florence,Toscana
Magorabin,Turin,Piemonte
Gourmetstube Einhorn,Mules,Trentino-Alto Adige/Südtirol
Almatò,Rome,Lazio
Menabò Vino e Cucina,Rome,Lazio
Langosteria Paraggi,Paraggi,Liguria
La Cucina de' Mibabbo,Milan,Lombardia
Il Faggio,Pollone,Piemonte
Osmosi,Montepulciano,Toscana
Ventuno.1,Alba,Piemonte
Il Merlo,Lido di Camaiore,Toscana
Giannino dal 1899,Milan,Lombardia
Casamatta,Manduria,Puglia
San Giorgio,Genoa,Liguria
/gu.stà.re/ oltrecucina,Borgomanero,Piemonte
Cavallino,Maranello,Emilia-Romagna
Repubblica di Perno,Monforte d'Alba,Piemonte
Benedikto,Assisi,Umbria
Osteria del Miglio 2.10,Pieve San Giacomo,Lombardia
Antica Osteria Moirago,Moirago,Lombardia
L'800,Argelato,Emilia-Romagna
Bon Wei,Milan,Lombardia
Pomiroeu,Seregno,Lombardia
da Omar,Lido di Jesolo,Veneto
La Risacca Blu,Milan,Lombardia
La Palta,Borgonovo Val Tidone,Emilia-Romagna
La Braja,Montemagno,Piemonte
Bàcaro Il Gusto,Fossò,Veneto
Perbacco,Pisciotta,Campania
Da Politano,Boves,Piemonte
San Giorgio,Umbertide,Umbria
La Pajara Gourmet,Fiera di Primiero,Trentino-Alto Adige/Südtirol
Controcorrente,Morciano di Romagna,Emilia-Romagna
La Coccinella,Serravalle Langhe,Piemonte
Tivoli,Cortina d'Ampezzo,Veneto
Mogano,Formello,Lazio
Old Friend,Cagliari,Sardigna/Sardegna
Il Pescatore,Cala Gonone,Sardigna/Sardegna
Romanè,Rome,Lazio
Nana Piccolo Bistrò,Senigallia,Marche
Elementi,Torgiano,Umbria
La Terrazza,Asolo,Veneto
Dal Pescatore,Runate,Lombardia
Al Dragone,Vieste,Puglia
L'Ambasciata,Quistello,Lombardia
Miramonti l'Altro,Concesio,Lombardia
Kisté - Easy Gourmet,Taormina,Sicilia
La Perla del Mare,San Vincenzo,Toscana
Stube Gourmet,Asiago,Veneto
Casin del Gamba,Altissimo,Veneto
Trattoria Ai Due Platani,Coloreto,Emilia-Romagna
Strattoria,Montrigiasco,Piemonte
La Veranda,Moltrasio,Lombardia
Locanda dei Cantù,Carona,Lombardia
Sushisen,Rome,Lazio
Dolia Gaeta,Gaeta,Lazio
Taverna Kerkira,Bagnara Calabra,Calabria
La Sponda,Positano,Campania
Osteria dai Coghi,Albarè di Costermano,Veneto
Due Colombe,Borgonato,Lombardia
Piano35,Turin,Piemonte
L'Arcangelo,Rome,Lazio
Osteria della Tana,Asiago,Veneto
L'Uva e il Malto,Grosseto,Toscana
Antica Osteria,Ossana,Trentino-Alto Adige/Südtirol
Dolce Stil Novo alla Reggia,Venaria Reale,Piemonte
La Cantina di Manuela,Milan,Lombardia
Erbaluigia,Pisa,Toscana
Ippogrifo,Genoa,Liguria
Stefano Mocellin al Padovanino,Padua,Veneto
Vecchio Porto,Villa San Giovanni,Calabria
Lucia,Giulianova Lido,
Terre Alte,Longiano,Emilia-Romagna
l' Ciocio - Osteria di Suvereto,Suvereto,Toscana
MaMe Restaurant,Viareggio,Toscana
Umberto a Mare,Forio,Campania
Essenza Bistrot,Olbia,Sardigna/Sardegna
ARIA,Naples,Campania
Hazama,Milan,Lombardia
Sa Corte,Oliena,Sardigna/Sardegna
Osteria Boccolicchio,Manfredonia,Puglia
Rosselli 77,Cuorgnè,Piemonte
Il Colmetto,Rodengo Saiano,Lombardia
L'Oste e il Sacrestano,Licata,Sicilia
Shalai,Linguaglossa,Sicilia
Muraglia - Conchiglia d'Oro,Varigotti,Liguria
Hostaria Ducale,Genoa,Liguria
Rosmarino,Genoa,Liguria
L'Officina,Perugia,Umbria
Il Poggio Rosso,Castelnuovo Berardenga,Toscana
Portanova,Urbino,Marche
Achilli al Parlamento,Rome,Lazio
Il Tartufo,Revere,Lombardia
Hostaria del Vicolo,Sciacca,Sicilia
Da Tonino,Capri,Campania
I Tigli,San Bonifacio,Veneto
Oberlechner,Algund,Trentino-Alto Adige/Südtirol
i-Fame,Rimini,Emilia-Romagna
Entrà,Finale Emilia,Emilia-Romagna
Trattoria Losanna,Masio,Piemonte
Malga Panna,Moena,Trentino-Alto Adige/Südtirol
La RiMa,Novara,Piemonte
Il Riccio,Anacapri,Campania
Tenuta Casa Virginia,Villa d'Almè,Lombardia
Alle Codole,Canale d'Agordo,Veneto
Asina Luna,Peschiera Borromeo,Lombardia
Sapereta,Porto Azzurro,Toscana
Carlo Magno,Collebeato,Lombardia
Enoteca di Canelli - Casa Crippa,Canelli,Piemonte
Feva,Castelfranco Veneto,Veneto
Al Baccanale,Piombino,Toscana
Il Grifone,Castel San Pietro Terme,Emilia-Romagna
Amistà,Corrubbio,Veneto
Patauner,Settequerce,Trentino-Alto Adige/Südtirol
SottoSopra,Baveno,Piemonte
ZELO,Milan,Lombardia
La Bucaccia,Cortona,Toscana
Baita Fraina,Cortina d'Ampezzo,Veneto
Retrogusto,Otranto,Puglia
San Domenico,Imola,Emilia-Romagna
Dentella,Bracca,Lombardia
Loewengrube,Bolzano,Trentino-Alto Adige/Südtirol
Walter Redaelli,Bettolle,Toscana
Locanda Margon,Ravina,Trentino-Alto Adige/Südtirol
Enoteca La Torre,Rome,Lazio
Berton,Milan,Lombardia
Saffron,Arezzo,Toscana
Momento al 25,Carpi,Emilia-Romagna
Sibilla,Tivoli,Lazio
Al Gatto Nero,Burano,Veneto
Italo Bassi Confusion Restaurant,Porto Cervo,Sardigna/Sardegna
Contraste,Milan,Lombardia
Sissi,Merano,Trentino-Alto Adige/Südtirol
Doc,Borgio Verezzi,Liguria
Tre Noghere,Bigolino,Veneto
Antica Fattoria del Grottaione,Castel del Piano,Toscana
Il Portico,Appiano Gentile,Lombardia
Cucine Nervi,Gattinara,Piemonte
Rimulas,Voghera,Lombardia
21.9,Piobesi d'Alba,Piemonte
Giano,Rome,Lazio
Enoteca Del Duca,Volterra,Toscana
Casa Leali,Puegnago sul Garda,Lombardia
Posillipo,Gabicce Monte,Marche
Al Capitan della Cittadella,Verona,Veneto
Locanda Cacciatori,Ponte dell'Olio,Emilia-Romagna
Un Piano nel Cielo,Praiano,Campania
Vecchia Sorni,Sorni,Trentino-Alto Adige/Südtirol
Between,Rivoli,Piemonte
Olmo,Cornaredo,Lombardia
Un Posto a Milano,Milan,Lombardia
Al Piave,Mariano del Friuli,Friuli-Venezia Giulia
Trattoria da Zamboni,Lapio,Campania
Octavin,Arezzo,Toscana
Felix Lo Basso home & restaurant,Milan,Lombardia
InAlto Alfio Ghezzi Dolomites,Moena,Trentino-Alto Adige/Südtirol
Il Mirto,Forio,Campania
Trattoria del Bivio,Cerretto Langhe,Piemonte
Consorzio,Turin,Piemonte
Vecchio Ristoro,Aosta,Valle d'Aosta / Vallée d'Aoste
Pellico 3,Milan,Lombardia
Osteria degli Angeli,Malnate,Lombardia
Balìce,Milazzo,Sicilia
Da Nicolo,Carloforte,Sardigna/Sardegna
Mima,Vico Equense,Campania
Tancredi,Sirmione,Lombardia
Anima,Milan,Lombardia
Opera,Turin,Piemonte
Il Tirabusciò,Bibbiena,Toscana
Su Gologone,Oliena,Sardigna/Sardegna
Brezza fish and chill,Soverato,Calabria
Josef Stube,Madonna di Senales,Trentino-Alto Adige/Südtirol
Quintessenza,Trani,Puglia
Bros',Lecce,Puglia
Castello,Santa Vittoria d'Alba,Piemonte
Casa Sgarra,Trani,Puglia
Kohaku,Rome,Lazio
Da Annetta,Capolago,Lombardia
Guido,Rimini,Emilia-Romagna
Attico sul Mare,Grottammare,Marche
Locanda San Martino,Chies d'Alpago,Veneto
La Notizia 53,Naples,Campania
Papaveri e Papere,San Miniato,Toscana
Enoteca Meucci,Cortona,Toscana
Osteria dell'Oca Bianca,Cavaglià,Piemonte
CiPASSO,Rome,Lazio
L'Accanto,Vico Equense,Campania
Al Covo,Venice,Veneto
Vitello d'Oro,Udine,Friuli-Venezia Giulia
Iyo Kaiseki,Milan,Lombardia
Konnubio,Florence,Toscana
Al Persef,Livigno,Lombardia
Spoon,Teramo,Abruzzo
Già Sotto l'Arco,Carovigno,Puglia
Oasis - Sapori Antichi,Vallesaccarda,Campania
Il Papavero,Eboli,Campania
La Peca,Lonigo,Veneto
Mezzolitro Vini e Cucina,Rho,Lombardia
Emozioni,Campobasso,Molise
A Spurcacciun-a,Savona,Liguria
La Pineta,Genoa,Liguria
Ai Campi di Marcello,Monfalcone,Friuli-Venezia Giulia
I Carracci,Bologna,Emilia-Romagna
Clemente,Sulmona,Abruzzo
La Piemontese,Mariano Comense,Lombardia
Il Convivio Troiani,Rome,Lazio
Il Bikini,Vico Equense,Campania
Faletta 1881,Casale Monferrato,Piemonte
La Posta,Cavour,Piemonte
Villa Tiboldi,Canale,Piemonte
Il Carpaccio,Acri,Calabria
Nives,Selva di Val Gardena,Trentino-Alto Adige/Südtirol
AlpiNN,Brunico,Trentino-Alto Adige/Südtirol
I Giardini dei Rodo,Pantelleria,Sicilia
Eea,Ponza,Lazio
Profumi di Cous Cous,San Vito lo Capo,Sicilia
Acaja,Pinerolo,Piemonte
Forentum,Lavello,Basilicata
Osteria de' Mercati,Sassari,Sardigna/Sardegna
Da Giovanni,Cortina Vecchia,Emilia-Romagna
El Primero,Origgio,Lombardia
Contrada Bricconi,Oltressenda Alta,Lombardia
Da Marchesi,Novafeltria,Emilia-Romagna
Hosteria La Cave Cantù,Casteggio,Lombardia
Il Latini,Florence,Toscana
Dama,Cervesina,Lombardia
Osteria del Borro,San Giustino Valdarno,Toscana
Dulchemente,Olbia,Sardigna/Sardegna
Matteo Grandi in Basilica,Vicenza,Veneto
Trattoria della Fortuna,Monterotondo,Lazio
Vascello d'Oro,Carrù,Piemonte
Al Monastero,Cividale del Friuli,Friuli-Venezia Giulia
Osteria del 36,Parma,Emilia-Romagna
SaleGrosso,Milano Marittima,Emilia-Romagna
Bacchus,Olbia,Sardigna/Sardegna
Veneziano,Randazzo,Sicilia
Villetta Annessa,Riva del Garda,Trentino-Alto Adige/Südtirol
Edelweiss,Viceno,Piemonte
Stella,Casaglia,Emilia-Romagna
Il Sole di Ranco,Ranco,Lombardia
Riva,Numana,Marche
"Il Giardino ""Da Felicin""",Monforte d'Alba,Piemonte
Da Miro alla Lanterna,Viareggio,Toscana
Hostaria Uva Rara,Monticelli Brusati,Lombardia
Il Pavone,Alghero,Sardigna/Sardegna
Trattoria Ceriati,Salsomaggiore Terme,Emilia-Romagna
Locanda Alpina,Brez,Trentino-Alto Adige/Südtirol
Sintesi,Ariccia,Lazio
Alessandro Mecca al Castello di Grinzane Cavour,Grinzane Cavour,Piemonte
Da Felice,Chiavari,Liguria
Casa del Nonno 13,Mercato San Severino,Campania
Giglio,Lucca,Toscana
La Chandelle,Breuil Cervinia,Valle d'Aosta / Vallée d'Aoste
Belle Parti,Padua,Veneto
Taverna Kus,San Zeno di Montagna,Veneto
Enoteca L'Armadillo,Courmayeur,Valle d'Aosta / Vallée d'Aoste
Capriccio,Augusta,Sicilia
Il Fiorile,Borghetto di Borbera,Piemonte
A' Paranza,Atrani,Campania
Bagatto,Loano,Liguria
Ristorante Mas-cì,Clusone,Lombardia
Trattoria del Nuovo Macello,Milan,Lombardia
Acquolina,Rome,Lazio
Osteria Bellavista,Paderno del Grappa,Veneto
Soul & Fish,Sorrento,Campania
Nole,Pescara,Abruzzo
Osteria Bartolini,Cesenatico,Emilia-Romagna
Nni Lausta,Santa Marina Salina,Sicilia
Romani,Vicomero di Torrile,
Sa Musciara,Portoscuso,Sardigna/Sardegna
Castello di Fighine,San Casciano dei Bagni,Toscana
Antica Locanda di Sesto,Ponte a Moriano,Toscana
Da Gigetto,Miane,Veneto
Nin,Brenzone sul Garda,Veneto
Magiargè Osteria Contemporanea,Bordighera,Liguria
Al Petes,Trieste,Friuli-Venezia Giulia
Alle Corone,Venice,Veneto
Atelier Moessmer Norbert Niederkofler,Brunico,Trentino-Alto Adige/Südtirol
Buca di Bacco,Pietra Ligure,Liguria
Menarosti,Trieste,Friuli-Venezia Giulia
Meltemi,Parma,Emilia-Romagna
Casa Rispoli,Cava de' Tirreni,Campania
La Nicchia,Cavour,Piemonte
Oberwirt,Marlengo,Trentino-Alto Adige/Südtirol
Marcandole,Salgareda,Veneto
Da Odino,Quarto d'Altino,Veneto
Imàgo,Rome,Lazio
Perbacco - Vini e Cucina,Cannara,Umbria
Paolo Griffa al Caffè Nazionale,Aosta,Valle d'Aosta / Vallée d'Aoste
Gennaro Di Pace,Monforte d'Alba,Piemonte
Ostaria Pignatelli,Naples,Campania
Sud,Quarto,Campania
Tantris,Novara,Piemonte
Nuova Roma,Sasso Marconi,Emilia-Romagna
Local,Venice,Veneto
El Filò,Pozza di Fassa,Trentino-Alto Adige/Südtirol
Al Segnavento,Zelarino,Veneto
Locanda Sensi,Rivergaro,Emilia-Romagna
Io e Luna,Guarene,Piemonte
Il Cappero,Isola Vulcano,Sicilia
Trattoria Toscana al Vecchio Forno,San Quirico d'Orcia,Toscana
Rifugio Fuciade,San Pellegrino,Umbria
Antico Ristorante Forassiepi,Montecarlo,Toscana
Baita Piè Tofana,Cortina d'Ampezzo,Veneto
Le Cicale in Città,Genoa,Liguria
Tavola di Guido,Castellina in Chianti,Toscana
Terrazza Fiorella,Massa Lubrense,Campania
Acquerello,Fagnano Olona,Lombardia
U' Vulesce,Cerignola,Puglia
Cosmo Restaurant,Pompei,Campania
Otto Geleng,Taormina,Sicilia
Bolle,Lallio,Lombardia
Balzi Rossi,Ventimiglia,Liguria
Il Liberty,Milan,Lombardia
Locanda del Capitano & Tipico Osteria,Montone,Umbria
Jamantè,Polignano a Mare,Puglia
Ratanà,Milan,Lombardia
Butterfly,Marlia,Toscana
San Marco,Canelli,Piemonte
Livello 1,Rome,Lazio
Suinsom,Selva di Val Gardena,Trentino-Alto Adige/Südtirol
Al Bersagliere,Verona,Veneto
Contesto Alimentare,Turin,Piemonte
Caffè Grande,Rivergaro,Emilia-Romagna
La Locanda del Borgo,Telese,Campania
Gucci Osteria da Massimo Bottura,Florence,Toscana
Antica Corona Reale,Cervere,Piemonte
La Conchiglia,Arma di Taggia,Liguria
Dolada,Pieve d'Alpago,Veneto
Terra The Magic Place,Sarentino,Trentino-Alto Adige/Südtirol
Kosmo Taste the Mountain,Livigno,Lombardia
Da Bibe,Galluzzo,Toscana
Il Narciso,Carrara,Toscana
Il Molo,Passignano sul Trasimeno,Umbria
Ménage,Catania,Sicilia
Magnolia,Longiano,Emilia-Romagna
Cannavacciuolo Countryside,Ticciano,Campania
Da Sapì,Esine,Lombardia
Di Martino Sea Front Pasta Bar,Naples,Campania
George Restaurant,Naples,Campania
Artifex,Brennero,Trentino-Alto Adige/Südtirol
Terrazza Danieli,Venice,Veneto
Raieü,Cavi di Lavagna,Liguria
Camiano Piccolo,Montefalco,Umbria
Locanda Mariella,Calestano,Emilia-Romagna
Antica Trattoria la Grotta dal 1918,Sasso Marconi,Emilia-Romagna
Al Convento - Casa Torrente,Cetara,Campania
Terme,Pigna,Liguria
Luigi Pomata,Cagliari,Sardigna/Sardegna
Tenuta del Gallo,Macchie,Umbria
Menzaghi,Fagnano Olona,Lombardia
El Brite di Larieto,Cortina d'Ampezzo,Veneto
Millo Ristorante,Santa Teresa Gallura,Sardigna/Sardegna
Caracol,Bacoli,Campania
Locanda San Michele,Montorio al Vomano,Abruzzo
Il Baretto,Albignasego,Veneto
Il Poggio,Poggiridenti,Lombardia
La Maison de Filip,Trento,Trentino-Alto Adige/Südtirol
Locanda Solagna,Quero,Veneto
L'Oste Scuro,Verona,Veneto
Andreina,Loreto,Marche
Claudio Ristorante,Fabbrico,Emilia-Romagna
Al Gambero,Calvisano,Lombardia
Antonello Colonna Labico,Labico,Lazio
Campo Cedro,Sienna,Toscana
Osteria Casale Ferrovia,Carovigno,Puglia
Gagini Restaurant,Palermo,Sicilia
Derby Grill,Monza,Lombardia
La Perla,Varese,Lombardia
La Torre,Monselice,Veneto
Sücar Brüsc,Mantua,Lombardia
La Locanda del Colonnello,Modica,Sicilia
Osteria Numero 2,Stradella,Lombardia
Trattoria Glisenti,Vello,Lombardia
L'Atelier 26,Saint-Christophe,Valle d'Aosta / Vallée d'Aoste
Mater Terrae,Rome,Lazio
The Cesar,Ladispoli,Lazio
Zeb,Florence,Toscana
Granoturco Bistrot,Castagnole Piemonte,Piemonte
Radici,Iseo,Lombardia
Toe Drûe,Sestri Ponente,Liguria
L'Argine a Vencò,Dolegna del Collio,Friuli-Venezia Giulia
Christian & Manuel,Vercelli,Piemonte
Le Chiavi d'Oro,Arezzo,Toscana
SaleGrosso,Marciana Marina,Toscana
Aroma,Rome,Lazio
Le Case della Saracca,Monforte d'Alba,Piemonte
Botero,Crema,Lombardia
Ginevra,Ancona,Marche
L'Agave,Framura,Liguria
Alex,Marina di Pietrasanta,Toscana
4 Ciance,Cuneo,Piemonte
Indigeno,Montepulciano,Toscana
Coppola Rossa,Manfredonia,Puglia
La Parolina,Trevinano,Lazio
Sarri,Imperia,Liguria
La Madia,Brione,Lombardia
Corte Visconti,Somma Lombardo,Lombardia
Roscioli,Rome,Lazio
Enotavola,Padua,Veneto
Al Palazzon,Galliera Veneta,Veneto
Locanda Altobelli,Terracina,Lazio
La Sosta di Ottone III,Levanto,Liguria
Baracca - Storica Hostaria,Trebaseleghe,Veneto
Joia,Milan,Lombardia
Le Beccherie,Treviso,Veneto
Osteria del Viandante,Rubiera,Emilia-Romagna
Verbano,Stresa,Piemonte
Ai Mercanti,Venice,Veneto
Zass,Positano,Campania
Il Falconiere,San Martino,Toscana
Il Chiosco di Bacco,Torriana,Emilia-Romagna
Cavallino,Tortona,Piemonte
Al Moro,Marina Di Campo,Toscana
[bu:r],Milan,Lombardia
Al Vecchio Convento,Varese,Lombardia
San Lorenzo,Spoleto,Umbria
La Filanda,Asola,Lombardia
Locanda della Luna,San Giorgio del Sannio,Campania
Vespasia,Norcia,Umbria
uovodiseppia Milano,Milan,Lombardia
Nazionale,Vernante,Piemonte
Ilario Vinciguerra,Gallarate,Lombardia
Coeur de Bois,Cogne,Valle d'Aosta / Vallée d'Aoste
Hidalgo,Postal,Trentino-Alto Adige/Südtirol
Terrazza Gallia,Milan,Lombardia
Fradis Minoris,Pula,Sardigna/Sardegna
Tamo,Spoltore,Abruzzo
Casa Federici,Montoro,Campania
Cip's Club,Venice,Veneto
Boccadoro,Noventa,Veneto
Osteria de l'Umbreleèr,Cicognolo,Lombardia
La Bandiera,Civitella Casanova,Abruzzo
Il Convito di Curina,Castelnuovo Berardenga,Toscana
Campocori,Rome,Lazio
Oro Nero,Sauris,Friuli-Venezia Giulia
La Maison du Gourmet,Coloreto,Emilia-Romagna
Locanda da Condo,Col San Martino,Veneto
Oberraindlhof,Madonna di Senales,Trentino-Alto Adige/Südtirol
Vitique,Greve in Chianti,Toscana
Vecchia Marina,Roseto degli Abruzzi,Abruzzo
Andrea Larossa,Turin,Piemonte
Ladinia,Corvara in Badia,Trentino-Alto Adige/Südtirol
Lazzaro 1915,Pontelongo,Veneto
Il Fenicottero Rosa Gourmet,Faenza,Emilia-Romagna
Osteria il Moro,Trapani,Sicilia
Sostansa,Pordenone,Friuli-Venezia Giulia
Il Ridotto,Venice,Veneto
Coltivare,La Morra,Piemonte
Comi 107,Como,Lombardia
Il Giurista,Perugia,Umbria
Amo Bistrot,Verona,Veneto
Il Buco,Sorrento,Campania
Razzo,Turin,Piemonte
Osteria Arbustico,Paestum,Campania
La Locanda di Piero,Montecchio Precalcino,Veneto
Rovello 18,Milan,Lombardia
Borgo Poscolle,Cavazzo Carnico,Friuli-Venezia Giulia
Antico Ristorante Pagnanelli,Castel Gandolfo,Lazio
Dogma,Rome,Lazio
Trattoria del Pesce,Rome,Lazio
Voce Aimo e Nadia,Milan,Lombardia
Lerchner's In Runggen,Saint Lorenzen,
Verso Capitaneo,Milan,Lombardia
La Trattoria Enrico Bartolini,Castiglione della Pescaia,Toscana
Sabir,Zafferana Etnea,Sicilia
Cortile Spirito Santo,Syracuse,Sicilia
Ristorante Da Anita - Chalet Prà delle Nasse,San Martino di Castrozza,Trentino-Alto Adige/Südtirol
Foresta,Marina di Pisa,Toscana
Cocchi,Parma,Emilia-Romagna
Foresta,Moena,Trentino-Alto Adige/Südtirol
Da Luciano,Passignano sul Trasimeno,Umbria
La Cucina di Donna Carmela,Riposto,Sicilia
Antica Trattoria al Gallo 1909,Ravenna,Emilia-Romagna
Sogno,San Felice del Benaco,Lombardia
RistoFante,Alzano Lombardo,Lombardia
Locanda del Feudo,Castelvetro di Modena,Emilia-Romagna
Da Oscar,Barcuzzi,Lombardia
Osteria La Sangiovesa,Santarcangelo di Romagna,Emilia-Romagna
Glass Hostaria,Rome,Lazio
Il Gusto di Xinge,Florence,Toscana
Da Concettina ai Tre Santi,Naples,Campania
Sichelburg,Pfalzen,Trentino-Alto Adige/Südtirol
Hebbo Wine & Deli,Toblach,Trentino-Alto Adige/Südtirol
La Madia,Licata,Sicilia
Il Cipresso - Da Cioni,Loro Ciuffenna,Toscana
Krèsios,Telese,Campania
Madama Vigna,Baldichieri d'Asti,Piemonte
Degusteria Italiana,Florence,Toscana
Enoteca San Nicola,Bobbio,Emilia-Romagna
Zash,Archi,Abruzzo
Il Moro,Capriata d'Orba,Piemonte
Vite,Coriano,Emilia-Romagna
Ensama Pesce,Sala Bolognese,Emilia-Romagna
Il Grano di Pepe,Ravarino,Emilia-Romagna
Ristorante del Lago,Bagno di Romagna,Emilia-Romagna
Trattoria alla Ruota,Negrar,Veneto
Lapprodo,Vibo Valentia Marina,Calabria
La Taverna del Leone,Positano,Campania
La Veranda del Color,Bardolino,Veneto
S'Andira,Santa Reparata,Abruzzo
Salvo Cacciatori,Oneglia,Liguria
Remo Villa Cariolato,Vicenza,Veneto
Regina Lucia,Syracuse,Sicilia
Impronta d'Acqua,Cavi di Lavagna,Liguria
Forte del 48,San Donà di Piave,Veneto
Il Centro,Priocca,Piemonte
Osteria dei Vespri,Palermo,Sicilia
"Osteria del Mare già il ""Votapentole""",Castiglione della Pescaia,Toscana
Cacciani,Frascati,Lazio
Radici,Modica,Sicilia
Pierre Alexis 1877,Courmayeur,Valle d'Aosta / Vallée d'Aoste
Altavilla,Bianzone,Lombardia
Osteria 1126,Poggibonsi,Toscana
Il Tempo Nuovo,Ugento,Puglia
Battipalo,Lesa,Piemonte
Gibas,Pesaro,Marche
Filippo,Pietrasanta,Toscana
Scola,Castelbianco,Liguria
Villa Elena,Bergamo,Lombardia
Innocenti Wine Experiences,Poggibonsi,Toscana
Anna Stuben,Ortisei,Trentino-Alto Adige/Südtirol
Cavallini,San Severino Marche,Marche
Al Borgo,Belluno,Veneto
Peperosa,Lucca,Toscana
Gellius,Oderzo,Veneto
Hostaria di Bricai,Varallo,Piemonte
Hostaria del Pavone,Vasto,Abruzzo
Acqua,Olgiate Olona,Lombardia
La Foresteria,Menfi,Sicilia
Le Bistrot,Courmayeur,Valle d'Aosta / Vallée d'Aoste
Al Cavallino Bianco,Polesine Parmense,Emilia-Romagna
Osteria L'Abbiccì,Seregno,Lombardia
Nobuya,Milan,Lombardia
Cuoco di Bordo,Senigallia,Marche
Santamonica,Genoa,Liguria
Osteria la Fefa,Finale Emilia,Emilia-Romagna
Bistrot 64,Rome,Lazio
Panevin,Feltre,Veneto
Innocenti Evasioni,Milan,Lombardia
Cuculia,Florence,Toscana
Accademia Ristorante,Casale Monferrato,Piemonte
Fratelli Bruzzone,Turin,Piemonte
Incàlmo,Este,Veneto
Impronte,Bergamo,Lombardia
I Portici,Bologna,Emilia-Romagna
Osteria della Chiocciola,Cuneo,Piemonte
La Ciau del Tornavento,Treiso,Piemonte
Walser Schtuba,Ponte,Campania
Oblige,Vignola,Emilia-Romagna
Cannavacciuolo Le Cattedrali Asti,Asti,Piemonte
Mildas,Giustino,Trentino-Alto Adige/Südtirol
Langosteria,Milan,Lombardia
Osteria Vecchia Noce,Vicopisano,Toscana
Trattoria Margherita,Arborea,Sardigna/Sardegna
Galileo,Civitanova Marche,Marche
Palazzaccio,Castelbuono,Sicilia
La Favellina,Malo,Veneto
La Palomba,Orvieto,Umbria
Violetta,Calamandrana,Piemonte
Madonnina del Pescatore,Marzocca,Marche
Gennaro Amitrano,Capri,Campania
Il Portolano,Porto San Paolo,Sardigna/Sardegna
Antica Corte Pallavicina,Polesine Parmense,Emilia-Romagna
Peter Brunel Ristorante Gourmet,Arco,Trentino-Alto Adige/Südtirol
Lux Lucis,Forte dei Marmi,Toscana
Kandoo Nippon Restaurant,Cremona,Lombardia
L'Ortone,Florence,Toscana
Aqua Crua,Barbarano Vicentino,Veneto
Osteria del Posto,Corciano,Umbria
Farmacia dei Sani,Ruffano,Puglia
Moebius Sperimentale,Milan,Lombardia
Da Gelsomina,Anacapri,Campania
Agorà,Rende,Calabria
Barbieri,Altomonte,Calabria
Onda Blu,San Mauro a Mare,Emilia-Romagna
Aprudia,Giulianova,Abruzzo
Le Trabe,Paestum,Campania
Cetaria,Baronissi,Campania
Taverna Estia,Brusciano,Campania
Trattoria la Rosa 1908,Sant'Agostino,Piemonte
Vivace,Brescia,Lombardia
Piccolo Lord,Turin,Piemonte
Cibus,Ceglie Messapica,Puglia
Casa Coloni,Paestum,Campania
Da Bob Cook Fish,Sorrento,Campania
San Martino,Scorzè,Veneto
Duanima,Cagliari,Sardigna/Sardegna
Il Giardino delle Esperidi,Bardolino,Veneto
Apostelstube,Brixen,Trentino-Alto Adige/Südtirol
Locanda Perbellini,Milan,Lombardia
Bros' Trattoria,Scorrano,Puglia
Teresa,Pegli,Liguria
Ca' Vittoria,Tigliole,Piemonte
Mondschein,Sappada,Friuli-Venezia Giulia
Al Paradiso,Paradiso di Pocenia,Friuli-Venezia Giulia
CUCINA.eat,Cagliari,Sardigna/Sardegna
Osteria Expanificio,Agrigento,
3.0 Ciro Cascella,Naples,
Ponte Pietra,Verona,
Extra,Carrara,
Casa Rapisarda,Numana,
Stilla,Colognola ai Colli,
Blum,Taormina,
Gratschwirt,Toblach,
Cocun Cellar Restaurant,San Cassiano,
Kürbishof,Anterivo,
Idylio by Apreda,Rome,
Damini Macelleria & Affini,Arzignano,
Pulejo,Rome,
Aimo e Nadia BistRo,Milan,
Il Marchese - Osteria Mercato Liquori,Rome,
Iyo,Milan,
Zur Kaiserkron,Bolzano,
Il Fagiano,Fasano del Garda,
Il Michelaccio,Genoa,
Trita Pepe,Manoppello Scalo,
AB Osteria Contemporanea,Lavariano,
Locanda Pincelli,Selva Malvezzi,
Da Giannino - L'Angolo d'Abruzzo,Milan,
Wicky's Innovative Japanese Cuisine,Milan,
Terrazza Bosquet,Sorrento,
Il Giardinetto,Mandello del Lario,
Sarti del Gusto,Cagliari,
FRE,Monforte d'Alba,
Casa Buono,Ventimiglia,
Lipadusa,Lampedusa,
Osteria del Guà,Bagnolo,
Antica Pesa,Rome,
Dell'Alba,Piadena,
La Fugascina Ristorante,Mergozzo,
Osteria Ardenga,Diolo,
Prato Gaio,Montecalvo Versiggia,
Capo Santa Chiara,Genoa,
Scrigno del Duomo,Trento,
L'Ostreria Fratelli Pavesi,Podenzano,
Osteria la Fontanina,Verona,
Kuppelrain,Castelbello,
Venissa,Mazzorbo,
Andrea - Sapori Montani,Palazzolo Acreide,
La Pineta,Sant'Anna,
Mistral,Bellagio,
Andree,La Spezia,
Il Cortiletto,Toscolano-Maderno,
I Salotti,Chiusi,
Manuelina,Recco,
Taverna dei Caldora,Pacentro,
Alla Laguna - Vedova Raddi,Marano Lagunare,
Parco Gambrinus,San Polo di Piave,
Ansitz Romani,Termeno sulla Strada del Vino,
Osteria Borgo Ronche,Fontanafredda,
Degli Angeli,Magliano Sabina,
Il Favri,San Giorgio della Richinvelda,
Tubladel,Ortisei,
Bistrot,Rieti,
Serrae Villa Fiesole,Fiesole,
Inkiostro,Parma,
Don Geppi,Sant' Agnello,
La Corte,Palazzolo sull'Oglio,
Campiello,San Giovanni al Natisone,
Il Credenziere,Annone Veneto,
Osteria Zanchetti,Fossombrone,
Aquariva,Padenghe sul Garda,
Chat Qui Rit,Venice,
Nugolo,Florence,
Trattoria da Marino,Serravalle Pistoiese,
Residenza del Lago,Candia Canavese,
Osteria Mood,San Bartolomeo al Mare,
Del Cambio,Turin,
Ronchi Rò,Dolegna del Collio,
Makorè,Ferrara,
Taverna Rovita,Maratea,
Quartopiano,Rimini,
Io Osteria Personale,Florence,
Ca' 7,Bassano del Grappa,
Da Carla,Gambolò,
Braunwirt,Sarentino,
Mirepuà Food Lab,Cremolino,
Del Fagioli,Florence,
Moi,Rome,
