restaurantName,City
L'Ancora della Tortuga,Monterosso al Mare
Ristorante Alpes & La FuGa,Sarentino
Villa De Winckels,Tregnago
Italia,Quarona
Zafferano,Città della Pieve
Il Refettorio,Conca dei Marini
Albergaccio di Castellina,Castellina in Chianti
Kleine Flamme,Vipiteno
Le Petit Bellevue,Cogne
Osteria Frangipane,Trani
Al Bagatto,Trieste
Sine by Di Pinto,Milan
Gallery Bistrot Contemporaneo,Troia
Osteria Manzoni,Barzago
Le Rune,Genoa
Finger's Garden,Milan
Antichi Sapori,Montegrosso
Trippini,Civitella del Lago
Da Marino al St Remy,Cagliari
Cravero - Osteria Contemporanea,Caltignaga
Armani/Ristorante,Milan
Osteria da Afro,Spilimbergo
All'Oro,Rome
Trattoria di Campagna,Sarre
La Pignata,Ariano Irpino
Dongiò,Milan
Ai Cadelach,Revine
Mec Restaurant,Palermo
Luminist Cafè Bistrot,Naples
Gambero Rosso,Marina di Gioiosa Ionica
Li Galli,Positano
"Osteria a ""Le Due Spade""",Trento
Risorgimento,Sirmione
El Gato,Chioggia
Osteria Storica Morelli,Pergine Valsugana
Corte Federiciana,Apricena
L'Angolino da Filippo,Marina di San Vito
Babette,Albenga
Kro,Ponte di Legno
Cracco in Galleria,Milan
Dalla Libera,Sernaglia della Battaglia
N'uovo Vino e Cucina,Sutri
Anastasia,Civitanova Marche
Taverna del Castello,Torrechiara
Osteria Didù,Imperia
La Tradizione - Cucina Casalinga,Minervino Murge
Trattoria Pomposa - Al Re gras,Modena
Pentole e Provette,Fasano
Osteria dello Strecciolo,Robbiate
Soho,Genoa
All'Osteria Bottega,Bologna
Urubamba,Naples
Kanton Restaurant,Capriate San Gervasio
La Bottega del 30,Castelnuovo Berardenga
Marotta,Squille
Radici,Castel Giorgio
De' Minimi,Tropea
aede dining & wines,Rome
Luigi Lepore,Lamezia Terme
DA_MÓ,Matera
San Martino 26,San Gimignano
Spinechile,Schio
La Preséf,Mantello
Bistrot de Venise,Venice
Vögele,Bolzano
Villa Arcadio,Salò
Impronta,Bassano del Grappa
L'Angolo d'Abruzzo,Carsoli
Antica Trattoria Gianna,Recorfano
Locanda Nelli,Pietra Ligure
Atman,Lamporecchio
All'Olivo,Lucca
L'Asinello,Castelnuovo Berardenga
La Fermata,Spinetta Marengo
La Locanda del Notaio,Pellio Intelvi
San Domenico,Pizzo Calabro
Acciuga,Rome
Futura Osteria,Monteriggioni
Carter Oblio,Rome
Terrazza Bartolini,Milano Marittima
Trattoria al Parco,Buttrio
Stefenelli Desk,Aosta
Lofficina,Sirolo
Laite,Sappada
Quintogusto,Savona
Filo,Lezzeno
Oltre.,Bologna
Maeba Restaurant,Ariano Irpino
La Ferrata,Pordenone
Mirabelle,Rome
All'Enoteca,Canale
Horto,Milan
Osteria Bartolini,Milano Marittima
Il Verso del Ghiottone,Dogliani
Sale Grosso,Bologna
QB DuePuntoZero,Salò
Agli Amici,Godia
Svevia,Termoli
La Loggia Bistrò,Verona
Al Metrò,San Salvo Marina
Quattro Sensi,Brufa
Il Ciabot,Roletto
Boivin,Levico Terme
Federico II,Termoli
Il Conte Matto,Trequanda
LeoneFelice Vista Lago,Erbusco
Delicato,Contigliano
Casa Mazzucchelli,Sasso Marconi
Osteria del Gallo e della Volpe,Ospedaletto d'Alpinolo
20 Posti,Empoli
Parizzi,Parma
Sa Domu Sarda,Cagliari
Palazzo Petrucci,Naples
Maso Palù,Brentonico
La Capanna di Eraclio,Codigoro
Marcelin,Montà
Viva il Bistrot,Noto
Vescovado,Noli
Da Giocondo,Rivisondoli
Sustanza,Naples
Crotasc,Mese
La Limonaia,Turin
Teresita by Giardino di Mari,Viareggio
Il Ristorante di Guido da Costigliole,Santo Stefano Belbo
La Taverna di Bacco,Nettuno
Felter alle Rose,Salò
Colonne,Santa Maria del Monte
Tanzer,Issengo
Il Barolino,Carpi
Osteria da Fiore,Venice
Nicolin,Lecco
Osteria Europa,Asiago
Veritas,Naples
Salamensa,Montichiari
Trattoria al Cacciatore - La Subida,Cormons
Alpenroyal Gourmet,Selva di Val Gardena
Zunica 1880,Civitella del Tronto
La Barca,Marina di Pulsano
Pipero Roma,Rome
Casa Vissani,Baschi
Al Volt,Riva del Garda
Maragoncello,Montichiari
Lio Pellegrini,Bergamo
Terramira,Capolona
Il Sottomarino,Follonica
Pepenero,San Miniato
Fiamma Cremisi,Calvisano
La Terrazza,Rome
Osteria dai Mazzeri,Follina
Ancòra,Cesenatico
Enrico Bartolini al Mudec,Milan
Condividere,Turin
La Canonica,Verona
Maso Burba,Commezzadura
I Sette Consoli,Orvieto
Terrazza Tiberio,Capri
Magnagallo,Campogalliano
Morelli,Milan
Balin Sestri Levante,Sestri Levante
Bar à Fromage,Cogne
Frosio,Almè
Boccondivino,Bra
Amo,Venice
Osteria Madonnetta,Marostica
Locanda dei Salinari,Cervia
Apollinare,Spoleto
Villa Maiella,Guardiagrele
Rosita,Finale Ligure
Da Lucio,Rimini
Dodici Fontane,Linguaglossa
In Viaggio - Claudio Melis,Merano
San Quintino Resort,Busca
Molin Vecio,Caldogno
Stube Ladina,Arabba
Ma.Ri.Na.,Olgiate Olona
Fracia,Teglio
Lazaroun,Santarcangelo di Romagna
Zia,Rome
Torre del Saracino,Vico Equense
Boccon DiVino,Montalcino
Vino Buono,Grumello del Monte
Osteria Mercato,Stresa
Gnocchetto,Tavernerio
Il Saturnino,Forio
Antica Locanda al Cervo - Landgasthof zum Hirschen,San Genesio Atesino
Osteria La Torre,Cherasco
Regio Patio,Garda
Il Molo,San Leone
50 Kalò,Naples
Corte Sconta,Venice
Tuorlo,Turin
La Taverna di Fra' Fiusch,Revigliasco
Don Alfonso 1890 San Barbato,Lavello
Il Cedro,Moggiona
Da Miky,Monterosso al Mare
Da Guido,Jesolo
Particolare di Siena,Sienna
Dry Aged,Milan
Iris Ristorante,Verona
L'Acciuga,Perugia
Locanda del Marinaio,Cefalu
La Speranzina Restaurant & Relais,Sirmione
Innesti,Pergine Valsugana
Sa Mandra,Alghero
Il Ritrovo d'Abruzzo,Civitella Casanova
Taverna dello Spuntino,Grottaferrata
Meta Ristorante,Celle Ligure
Angiolina,Pisciotta
Trippi,Sondrio
Johannesstube,Nova Levante
Ortica,Pieve Ligure
Cortile Pepe,Cefalu
O Me O Il Mare,Gragnano
Trattoria del Vicolo,Lipari
Paca,Prato
LPV Ristorante & Bistrot,Venice
La Kuccagna,Dovera
Roma,Montoggio
Mesadoria,Valledoria
La Bul,Bari
Novo Osteria,Borgonovo Val Tidone
Votavota,Marina di Ragusa
Da Manuela,Isola Sant'Antonio
La Valle,Trofarello
La Campanara,Galeata
Piazza Duomo,Alba
Dispensa Franciacorta,Torbiato
Vintage 1997,Turin
Café Les Paillotes,Pescara
Hosteria Grappolo d'Oro,Rome
Darmagi,Mercenasco
Bluh Furore,Furore
La Ciambella,Rome
Osteria Acquarol,San Michele
Il Trillo,Massa
Il Ristorantino - Da Dino,Anzola dell'Emilia
Zanze XVI,Venice
La Barca,Rho
Osteria Platzegg,San Michele
Bebop,Palermo
Trattoria Lanzagallo,Gaibana
La Pineta,Marina di Bibbona
Roof Garden,Bergamo
Marco Bottega Ristorante,Genazzano
Locanda Toscano,Pizzo
I 5 Campanili,Busto Arsizio
Mammaròssa,Avezzano
Riva,Ponte dell'Olio
Specus,Valmontone
Lo Scalco Grasso,Mantua
Il Casolare dei Segreti,Treia
Etra,Genoa
Qualia,Cefalu
Locanda delle Tre Chiavi,Isera
Bistrot Donatella,Oviglio
Luisl Stube,Algund
Quellenhof Gourmetstube 1897,Saint Martin in Passeier
Antica Cucina 1983,Barletta
Osteria Arborina,La Morra
Posta,Sant'Omobono Terme
L'Acino,Turin
Rossellinis,Ravello
Cascina Lautier,Chieri
Arnolfo,Colle di Val d'Elsa
La Capinera,Taormina
La Tavola,Laveno
Locanda '800,Negrar
Contrada,Castelnuovo Berardenga
Trattoria Antichi Sapori,Gaione
Locanda Mammì,Agnone
Zero Milano,Milan
Osteria del Benedet,Delebio
Il Turacciolo,Andria
Osteria L'Orciaia,Montebenichi
L'Argaj,Castiglione Falletto
Quintilio,Altare
Koinè,Legnano
La Caravella dal 1959,Amalfi
Serpillo,Bevagna
Secondo Tempo,Termini Imerese
MARdiVINO,Treviso
Enoclub,Alba
I Castagni,Vigevano
Locanda San Lorenzo,Puos d'Alpago
Il Patio,Pollone
Le Macine,Vittorio Veneto
Locanda Sant'Uffizio Enrico Bartolini,Cioccaro
sui generis.,Saronno
Antica Locanda del Villoresi,Nerviano
Ceresio 7,Milan
Vini da Gigio,Venice
Il Tiglio,Montemonaco
J Contemporary Japanese Restaurant,Naples
Famiglia Rana,Oppeano
iPalici,Viagrande
Serendepico,Capannori
Crocifisso,Noto
Il Labirinto,Brescia
Palazzo Branciforte,Palermo
Osteria Mondo d'Oro,Verona
Il Bavaglino,Terrasini
Le Due Lanterne,Nizza Monferrato
Alici,Amalfi
Taverna da Ciacco,San Quirico d'Orcia
Hostaria alla Tavernetta,Udine
La Chioccia d'Oro,Vallo della Lucania
Il Piastrino,Pennabilli
Camana Veglia,Livigno
Al Camin,Cortina d'Ampezzo
Nove,Alassio
La Fortuna,Campagnola Cremasca
Osteria alla Chiesa,Monfumo
La Masseria,Modena
I Tri Siochètt,Parma
Gassenwirt,Kiens
Osteria dei Segreti,Appignano
Oste Scuro - Finsterwirt,Brixen
Azotea,Turin
Kirchsteiger,Foiana
Bacco,Barletta
Crub,Cava de' Tirreni
Dattilo,Strongoli
I Savi,Scorzè
Glicine,Amalfi
Duomo,Alessandria
Gerani,Sant'Antonio Abate
Buriani dal 1967,Pieve di Cento
Trattoria dall'Antonia,Mira
Castel Toblino,Castel Toblino
Nida,Lucca
Lo Stornello,Stresa
Da Attilio,Naples
La Meridiana,Domodossola
Re Maurì,Salerno
La Saletta,Alghero
Cannavacciuolo Vineyard,Casanova di Terricciola
Acanto,Milan
Abraxas Osteria,Pozzuoli
Vecchia Malcesine,Malcesine
Mater1apr1ma,Pontinia
La Fratanza,Nocera Superiore
Casa Fantini/Lake Time,Pella
Olio,Origgio
Buca di Sant'Antonio,Lucca
L'Antico Giardino,Ravalle
Saporium Firenze,Florence
Cielo,Ostuni
Il Giardino del Gusto,Ventimiglia
Il Sale,San Vincenzo
Suscettibile Salerno,Salerno
Trattoria da Probo,Bagnolo in Piano
Baia del Silenzio,Sestri Levante
L'Acquario,Castiglione del Lago
Il Sanlorenzo,Rome
Coria,Catania
Musciora,Alghero
Pashà,Conversano
Le Grenier,Saint-Vincent
Antico Albergo,Limito
La Pergola,Rome
Antico Morer,Treviso
Caffè delle Rose Bistrot,Verbania
Cestello Firenze,Florence
Osteria Numero Sette,Rastignano
Alla Locanda,Canazei
Le Calandre,Rubano
Il Marin,Genoa
Il Visibilio,Castelnuovo Berardenga
Vite,Lancenigo
Osteria Vecchio Borgo,Cuneo
La Casina,Drena
Soprattutto,Santa Maria di Sala
Antiche Mura,Riva del Garda
Trattoria Rigoletto,Brescia
Glam Enrico Bartolini,Venice
Pernambucco,Albenga
Osteria Il Cappello,Trento
Antica Osteria Il Monte Rosso,Suna
La Magnolia,Forte dei Marmi
MikEle,Maranello
Tosca,Casole d'Elsa
Porta di Basso,Peschici
Umberto De Martino,San Paolo d'Argon
Due Pini,Madonna di Campiglio
Casa Perrotta Restaurant,Cernobbio
Filippino,Lipari
Corsaro Nero,Marina di Arbus
Mater,Moggiona
Osteria Contemporanea,Gattinara
Sadler,Milan
Miil,Cermes
Al Carroponte,Bergamo
Selvatico,Rivanazzano Terme
Punta Lena,Stromboli
Crotto Valtellina,Malnate
Il Palagio,Florence
Enoteca di Buttrio,Buttrio
Da Noemi,Ferrara
I Pupi,Bagheria
Le Colonne,Santa Maria Maggiore
Marina del Nettuno,Messina
Parma Rotta,Parma
Riso Amaro,Fondi
Agriturismo Ferdy,Lenna
Namo Ristobottega,Tarquinia
Gainn,Rome
Da Gerry,Monfumo
Līmū,Bagheria
L'Osteria del Castellazzo,Salsomaggiore Terme
Osteria Bartolini,Bologna
Abba,Milan
La Botte,Stresa
Da Andrea,Marina di Cecina
Abocar Due Cucine,Rimini
Locanda Viola,Pagazzano
Marc Lanteri,Castagnito d'Alba
Il Ristorante - Niko Romito,Rome
Milano,Pallanza
Nello,San Casciano in Val di Pesa
Atelier,Domodossola
Villa Aurora,Soiano del Lago
La Tavola Rossa di Vincenzo Guarino,Sellano
Soltojo,Caiolo
Il Pagliaccio,Rome
San Tommaso 10,Turin
Rosso di Sera,Castelletto sopra Ticino
La Locanda Gesù Vecchio,Naples
Scuderie Sabaude,Pollenzo
Hosteria del Platano,Varenna
Indiniò,Raveo
Buscone,Varzi
La Locanda di Pietracupa,San Donato in Poggio
Hostaria Viola,Castiglione delle Stiviere
"Da Flavio e Fabrizio ""Al Teatro""",Mirano
Ba Restaurant,Milan
Altatto Bistrot,Milan
San Martino,Treviglio
Senso Alfio Ghezzi Lake Garda,Limone sul Garda
Locanda 4 Cuochi,Verona
L'Ostì,Corvara in Badia
La Torre,Spilimbergo
Chichibio,Roccaraso
Beccaccino,Sorico
Il Marchese - Osteria Mercato Liquori,Milan
Tola Rasa,Padua
PS Ristorante,Cerreto Guidi
Rada Rooftop,Positano
Maré,Cesenatico
Villa Crespi,Orta San Giulio
Ape Vino e Cucina,Alba
Zur Rose,San Michele
Arca,San Benedetto del Tronto
La Primula,San Quirino
Trattoria contemporanea,Lomazzo
Osaka,Milan
La Serra,Positano
Antica Filanda,Capri Leone
Filia Ristorante,Verona
Le Cementine,Roncade
Bianca sul Lago,Oggiono
daní maison,Ischia
Villa Pizzini,Stresa
Antica Trattoria Giovanelli,Sarturano
Café Cracco,Milan
Osteria Veglio,La Morra
Il Cascinalenuovo,Isola d'Asti
La Cuccagna - Giro di Vite,Crispiano
Indaco,Lacco Ameno
Miranda,Riva di Solto
Il Cantuccio,Albavilla
Il Capestrano,Milan
Borgo San Jacopo,Florence
Scatto,Turin
Aubergine,Abano Terme
La Rucola 2.0,Sirmione
Il Mecenate,Lucca
Osteria della Villetta,Palazzolo sull'Oglio
Bottega Culinaria,San Vito Chietino
Belvedere,Porto Cervo
Stella d'Italia,Pastrengo
Uliassi,Senigallia
Me Cumpari Turiddu,Catania
Cucina,Florence
Orma Roma,Rome
L'Osteria H20,Moniga del Garda
Locanda La Raia,Gavi
Osteria alle Testiere,Venice
Osteria La Solita Zuppa,Chiusi
Alla Fassa,Castelletto di Brenzone
Piazzetta Milù,Castellammare di Stabia
La Capuccina,Cureggio
Castel fine dining,Tirol
Castello Malvezzi,Brescia
Corte Matilde,Pieve di Coriano
Osteria della Corte,La Spezia
Joca,Naples
A' Cuncuma,Palermo
Il Grottino,Gualdo Cattaneo
Lamberti,Alassio
Locanda 53 Supper Club,Arco
Arnaldo - Clinica Gastronomica,Rubiera
Pescarino-Sapori di Terra e di Mare,Montemarcello
I Pifferi,Sala Baganza
28 Posti,Milan
La Sosta,Brescia
Vesta Mare,Marina di Pietrasanta
Antica Trattoria del Gallo,Vigano
Adelaide,Rome
D.One Restaurant,Montepagano
Cala Luna,Cefalu
Mirko's,Castellammare del Golfo
Opera|02,Levizzano Rangone
La Brughiera,Senago
La Leggenda dei Frati,Florence
Il Tufo Allegro,Pitigliano
Deste,Porto Rotondo
Ad Astra,Santa Maria della Versa
Il Tino,Fiumicino
Punto G,Monza
Cibrèo,Florence
InGalera,Milan
Signore te ne ringrazi,Macerata
Al Becco della Civetta,Castelmezzano
Gina,Aosta
Apollonia,Nals
Durnwald,Gsies
Gasthofstube Stafler,Mules
Pietramare Natural Food,Isola di Capo Rizzuto
Osteria del Teatro,Cortona
Anticofurlo,Acqualagna
Baretto di San Vigilio,Bergamo
Osteria Le Panzanelle,Lucarelli
Al Palazzo,Positano
Villa Lattanzi,Torre di Palme
Seta by Antonio Guida,Milan
Radimare,Monopoli
Concezione Restaurant,Catania
Il Fuoco Sacro,San Pantaleo
St. George by Heinz Beck,Taormina
Da Ercole,Crotone
Osteria Al GiGianca,Bergamo
Relais Blu,Massa Lubrense
Da Peppe,Rotonda
Le Monzù,Capri
Gimmi Restaurant,Lecce
Da Burde,Florence
KELINA Fine Dine,Corvara in Badia
FØRMA contemporary restaurant,L'Aquila
La Buca,Cesenatico
Zàghara Restaurant,Caltanissetta
La Corte,Follina
Lupaia,Torrita di Siena
Osteria Origano,Minervino di Lecce
Eggentaler,Cardano
Fiorfiore,Todi
Locanda di Nonna Ida,Marano di Valpolicella
Ai Do Campanili,Cavallino
Retrobottega,Rome
Daniela,San Casciano dei Bagni
Al Gatto Verde,Modena
Lalibera,Alba
Ai Torchi,Finalborgo
I Banchi,Ragusa
Angiò-Macelleria di Mare,Catania
Stefano Paganini alla Corte degli Alfieri,Magliano Alfieri
Poldo e Gianna Osteria,Rome
Hostaria del Teatro,Castiglione delle Stiviere
Alessandro Feo,Marina di Casal Velino
Lou Ressignon,Cogne
Alle Ciaspole,Fondo
Locanda Lo Scopiccio,Perignano
Osteria 1861,Santa Maria di Castellabate
Il Santo Bevitore,Florence
La Refezione,Garbagnate Milanese
Essenziale,Florence
Abbruzzino,Catanzaro
Abbruzzino Oltre,Lamezia Terme
De Gustibus,Chieri
Shiroya,Rome
Antica Osteria dei Camelì,Ambivere
Antica Macelleria Cecchini - Solociccia,Panzano
Trattoria del Cimino dal 1895,Caprarola
Da Pode,San Gimignano
La Passion,Vintl
Quadri,Venice
Il Rivale in Città,Brescia
Vez,San Marzano di San Giuseppe
Antica Osteria La Rampina,San Giuliano Milanese
Phi Restaurant - Giancarlo Morelli,Baia Sardinia
Osteria La Pimpinella,Bra
Feel Como,Como
Alpenrose,Brixen
Antica Osteria da Penacio,Arcugnano
Locanda del Pilone,Alba
Il Sogno,Vetrego
La Torre,Santa Maria Annunziata
Belé,Milan
Tano Passami l'Olio,Milan
Il Presidente,Lucera
Castagneto,Montrigiasco
Posta,Bologna
Motelombroso,Milan
La Braseria,Osio Sotto
Henri Restaurant,Viareggio
Il Piccolo Principe,Viareggio
Da Cecco,Torre del Lago Puccini
La Martinatica,Pietrasanta
Ca' Mia,Alserio
Tre Olivi,Paestum
Locanda dell'Arcimboldo,Coriano Veronese
Pascalucci,San Nicola Manfredi
Unterwirt,Gudon
Le Cupole,Rapallo
Ai Burattini,Adrara San Martino
Alla Corte Lombarda,Mornago
Salotto sul Mare,Terrasini
Da Lorenzo,Scala
W Villadorata Country Restaurant,Noto
Da Fausto,Fondi
Carusu,Agrigento
Hosteria Giusti,Modena
Andrea Aprea,Milan
La Maison Delfino,Moncalieri
Vitis,Brixen
La Tana Gourmet,Asiago
Locanda del Molino,Cortona
Schöneck,Molini
Osteria Cascina dei Fiori,Borgo Vercelli
Oltremare,Maiori
Trattoria della Posta,Monforte d'Alba
Il Capriolino,Vodo di Cadore
Il Gallo Cedrone,Madonna di Campiglio
Regallo,Biella
Bacco e Arianna,Trezzano sul Naviglio
Moscatello Muliner,Pozzolengo
Josto,Cagliari
Paolo Teverini,Bagno di Romagna
Laghetto,Brusson
La Cucina dei Frigoriferi Milanesi,Milan
Casa Vicina,Turin
Le Colonne,Caserta
Vecio Macello,Verona
Bistrot La Perla,Corvara in Badia
Santa Elisabetta,Florence
Borgo Sant'Anna,Monforte d'Alba
Cannavacciuolo Bistrot,Turin
Harry's Piccolo,Trieste
Villa Pignano,Volterra
Andrea Monesi - Locanda di Orta,Orta San Giulio
Gatto Rosso,Taranto
Trattoria da Amerigo,Savigno
Del Belbo - Da Bardon,San Marzano Oliveto
Fàula,Cerretto Langhe
MU Dimsum,Milan
Lorenzo,Forte dei Marmi
Hostaria Baccofurore,Furore
Sora Maria e Arcangelo,Olevano Romano
Gardenia,Caluso
Romolo Mare,Bordighera
Osteria del Tempo Perso,Ravenna
Osteria del Tasso,Bolgheri
Alla Lanterna,Fano
Dalie e Fagioli,Manerba del Garda
Casamare,Salerno
Dalla Rosa Alda,San Giorgio di Valpolicella
Cut,Caravaggio
Evan's,Cassino
Nascostoposto,Terni
La Sala dei Grappoli,Montalcino
L'Arcade,Porto San Giorgio
Caino,Montemerano
Quadri Bistrot,Milan
Franceschetta 58,Modena
Vairo del Volturno,Vairano Patenora
Arva,Venice
Battaglino,Bra
Colline Emiliane,Rome
Ai Gondolieri,Venice
Vicolo Colombina,Bologna
L'Osteria di Santa Marina,Venice
Marco Martini Restaurant,Rome
Pascucci al Porticciolo,Fiumicino
Imperialino,Moltrasio
Il Pozzo,Reggio Emilia
GioEle,Stradella
Futura,Chieti
Ora d'Aria,Florence
Il Convito della Venaria,Venaria Reale
Capriccio,Manerba del Garda
Fattoria delle Torri,Modica
Ristorante 1500,San Vigilio
ChiaroScuro,Cagliari
Capogiro,Baia Sardinia
SanBrite,Cortina d'Ampezzo
Mangiare Bere Uomo Donna,Suzzara
La Pista,Turin
Donevandro,Popoli
Chalet Gerard,Selva di Val Gardena
Lo Stuzzichino,Sant'Agata sui Due Golfi
Pierre - Trattoria Sartoriale,Treviso
[àbitat],San Fermo della Battaglia
Palazzo Petrucci Pizzeria,Naples
Fiorentino e Locanda del Giglio,Sansepolcro
La Chiocciola,Quartiere di Portomaggiore
Hanswirt,Rablà
Trattoria 'petito,Forlì
Il Ristorante Alain Ducasse Napoli,Naples
Autem*,Milan
Gino Sorbillo,Naples
Le Tre Colombe,Fornace
Lunasia,Viareggio
El Molin,Cavalese
Faraglioni Restaurant,Aci Castello
Agli Amici Dopolavoro,Venice
Osteria Il Maialetto,Monsummano Terme
Palmerino - Il Bacalà a Sandrigo,Sandrigo
Materia Prima,Castel di Sangro
Bino,Savona
Angelo Sabatelli,Putignano
Il Cavallo Scosso,Asti
Antinè,Barbaresco
Emilio,Fermo
Locanda Gulfi,Chiaramonte Gulfi
Locale,Florence
Guallina,Mortara
All’Ombra del Gabbiano,Mestre
Restaurant 700,Ostuni
Osteria San Giulio,Badia di Dulzago
Antica Locanda,Caserta
Dama Restaurant,Venice
Antica Osteria del Ponte,Cassinetta di Lugagnano
Degusteria del Gigante,San Benedetto del Tronto
Spin Ristorante-Enoteca,Genoa
Antica Osteria Nonna Rosa,Vico Equense
Massimo Camia,La Morra
Dei Cantoni,Longiano
Trattoria Cibrèo - Il Cibrèino,Florence
Ca' Apollonio Gourmet,Romano d'Ezzelino
Le Antiche Sere,Lesina
Su Murruai,Riola Sardo
Coxinendi,Sanluri
Da ö Vittorio,Recco
Baccanti,Matera
Taverna del Grappolo Blu,Montalcino
Il Melograno,Trani
13 Comuni,Velo Veronese
La Rosina,Marostica
La Rei Natura by Michelangelo Mammoliti,Serralunga d'Alba
Lokanda Devetak,Savogna d'Isonzo
Da Orlando,Cusago
Antica Trattoria La Toppa,San Donato in Poggio
Le Logge del Vignola,Montepulciano
Ruris,Isola di Capo Rizzuto
Cile's,Fano
Osteria Magona,Bolgheri
Modì,Torregrotta
Sapio,Catania
CENERE - Museum & Bistrot,Pompei
Impero,Sizzano
Lorelei,Sorrento
Paolo e Barbara,San Remo
Luna Rossa,Terranova di Pollino
L'antica Pizzeria da Michele,Naples
La Luge,Breuil Cervinia
Zest,Sorrento
Equilibrio,Dolcedo
Buatta Cucina Popolana,Palermo
Laurin,Bolzano
Burjè 1968,Corvara in Badia
Caffè Dante Bistrot,Verona
Madama Piola,Turin
Frosch Restaurant,Varena
Bentōteca,Milan
Osteria dalla Peppa,Fano
Hyle,San Giovanni in Fiore
Sa Cardiga e Su Schironi,Capoterra
Marelet,Treviglio
Osteria del Borgo,Galliate
Cortile Arabo,Marzamemi
Amanõ,Cagliari
Piacentino,Bobbio
Alto,Fiorano Modenese
Da Gigi,Crandola Valsassina
Green T.,Rome
Ahimè,Bologna
Scannabue Caffè Restaurant,Turin
Evo Ristorante,Alberobello
Trattoria la Colonna,Rottofreno
Da Gorini,San Piero in Bagno
U.P.E.P.I.D.D.E.,Ruvo di Puglia
Cannavacciuolo by the Lake,Pettenasco
Osteria Fernanda,Rome
Da Vittorio,Brusaporto
Le Lampare al Fortino,Trani
Giardinetto,Pettenasco
Cucina Rambaldi,Villar Dora
Corbezzoli,Bologna
Forma,Civitavecchia
Trattoria Pennestri,Rome
Rendenèr Alpine Food,Pinzolo
Linfa,San Gimignano
La Péniche,Marina di Massa
Villa Salina,Moretta
Osteria Bertaina,Mondovì
Osteria di Passignano,Passignano
Ansitz Steinbock,Villandro
Vitantonio Lombardo,Matera
Mingone,Carnello
Il Luogo Aimo e Nadia,Milan
Locanda del Barone,Caramanico Terme
Antica Farmacia,Palaia
Tenne Lodges,Colle
Vert Osteria Contemporanea,Caprino Veronese
Principe di Belludia,Noto
Oishi,Teramo
Augurio,Trento
Prezioso,Merano
La Cerreta Osteria,Sassetta
Don Alfonso 1890,Sant'Agata sui Due Golfi
Alla Pace,Sauris
Trattoria Via Vai,Bolzone
Frades La Terrazza,Porto Cervo
LoRo,Trescore Balneario
Villa Baroni,Bodio Lomnago
Trattoria Al Passo,Venice
Frades Porto Cervo,Milan
Al Cjasal,San Michele al Tagliamento
Visione Restaurant and Living,Barbaresco
Signum,Malfa
Da Giacomo,Pizzighettone
The Cook,Genoa
Maso Runch-Hof,Pedraces
Metodo,Marne
La Ciotola,Porcia
Zum Löwen,Tisens
Benso,Forlì
Il Funghetto,Latina
Da Fausto,Cavatore
Casa Bertini,Recanati
Luca's by Paulo Airaudo,Florence
Tana de 'l Ors,Forno di Zoldo
Une,Capodacqua
Da Nando,Mortegliano
La Rosa dei Venti,Milan
Leon d'Oro,Pralboino
Osteria del Trentino - Da Marco,Piacenza
Calvi Ristorante,Altamura
Marixx,Ventimiglia
Casa della Rocca,Dolcedo
John Restaurant-Casamadre,Afragola
Macelleria Motta,Bellinzago Lombardo
La Coldana,Lodi
L˜ARIA,Blevio
La Zanzara,Codigoro
Il Saraceno,Cavernago
Canova by Sadler,Venice
Trippa,Milan
Lido 84,Fasano del Garda
Aqua,Torbole
Quel Fantastico Giovedì,Ferrara
Doppio Gusto,Milazzo
Truth Restaurant,Aversa
La Musa Restaurant & Rooftop Terrace,Cima
Contrasto,Cercemaggiore
Osteria Ophis,Offida
Dallo Zio,Rimini
La Corniola,Pescocostanzo
Oseleta,Cavaion Veronese
I Due Buoi,Olivola
Il Cantinone e Sport Hotel Alpina,Madesimo
Alajmo Cortina,Cortina d'Ampezzo
Le Viole,Castelnovo di Baganzola
Le Cedrare,Illasi
Scaraboci,Marciana Marina
Da Nadia,Clusane d'Iseo
Storie d'Amore,Borgoricco
Locanda Don Serafino,Ragusa
Bis Osteria Italiana Contemporanea,Colle di Val d'Elsa
Grual,Pinzolo
La Cascina 1899,Rocella Jonica
VeRo - Venetian Roots,Venice
Lucenti,Montefiorino
La Fossa del Grano,San Severo
Borgo Spoltino,Mosciano Sant'Angelo
"Olona - ""Da Venanzio"" dal 1922",Induno Olona
Li Jalantuùmene,Monte Sant'Angelo
L’Alchimia,Milan
L'Insolita Trattoria Tre Soldi,Florence
Osteria de Börg,Rimini
La Filanda,Manciano
Essentia,Castrocaro Terme
Podere San Faustino,Fidenza
Osteria Il Bagatto,Limone Piemonte
L'Oste Dispensa,Orbetello
Unforgettable,Turin
Porcino,Badia
Armando al Pantheon,Rome
Sensi,Amalfi
Materia,Cernobbio
DaV  Mare,Portofino
Osteria della Brughiera,Villa d'Almè
La Locanda di Fabio e Vale,Offanengo
Il Ristorante - Niko Romito,Milan
Ristorante de LEN,Cortina d'Ampezzo
Da Alighiero,Anghiari
Café Quinson,Morgex
Winter Garden Florence,Florence
Osteria dal Moro,Giulianova Lido
53 Untitled,Rome
Villa Fiordaliso,Gardone Riviera
Hosteria Toblino,Sarche di Madruzzo
Borgia Milano,Milan
Dimora Ulmo,Matera
Il Focarile,Aprilia
La Locanda dei Beccaria,Montù Beccaria
Ca' Matilde,Rubbianino
Burro & Alici,Marotta
Antica Osteria Magenes,Barate
Bramea,Palazzo San Gervasio
I Rodella,Deruta
Il Basilisco,Treviso
I Due Cippi dal 1976,Saturnia
Le Vie del Borgo,Toceno
Il Galeone,Fano
Meraviglioso Osteria Moderna,Polignano a Mare
Re Santi e Leoni,Nola
Controcorrente,Noli
Wood,Breuil Cervinia
La Credenza,San Maurizio Canavese
Le Cicale,Spinetta Marengo
Remulass,Milan
Antica Moka,Modena
Romano,Viareggio
L'Acciuga,Ravenna
Tre Galline,Turin
ConTatto,Frascati
Osteria da Cippi,Frisanco
Acqua Pazza,Ponza
Fè Ristorante,Noci
Canapone,Grosseto
Marina Grande,Amalfi
Savô,Laigueglia
Brindo,Cusago
Duo,Chiavari
La Porta Restaurant,Bologna
Osteria della Foce,Genoa
Il Circolino,Monza
Locanda Perbellini - Ai Beati,Garda
Moma,Rome
Umami,Badalucco
Pantagruele,Brindisi
12 Ristorante,Cesenatico
Al Vedel,Vedole
Pescheria,Salerno
Grantosco,Grosseto
Carignano,Turin
Ichikawa,Milan
Aurora,Feltre
La Madernassa,Guarene
Nerina,Romeno
Rezzano Cucina e Vino,Sestri Levante
Gallo Nero,Sienna
Duo,San Felice del Benaco
Bacucco d'Oro,Mutignano
Taverna 58,Pescara
Locanda Perbellini al Mare,Montallegro
Ada,Perugia
Elephant,Brixen
Al Malò - Cucina e Miscelazione,Rovato
Anto e Robi,Robbio
Caffè Meletti,Ascoli Piceno
Trattoria di Via Serra,Bologna
Esplanade,Desenzano del Garda
La Cantinella,Montemarciano
Ostaria Tyrol,Moena
Dolomieu,Madonna di Campiglio
L'Ottava Nota,Palermo
Giorgio e Flora,Velo
Procaccini,Milan
Ling's Ravioleria Migrante,Bologna
Campamac,Barbaresco
MoS,Desenzano del Garda
L'Olivo,Anacapri
Hostaria dai Musi,Alba
La Gritta,Palau
Domenico dal 1968,Rome
Li Somari,Tivoli
Terrazza Costantino,Sclafani Bagni
Cappuccini Cucina San Francesco,Cologne
Estrò,Pescara
Radici Osteria Contemporanea,Gallarate
Dim Sum,Milan
Da Severino il Vecchio - Di Luciano,Senorbì
Accursio,Modica
Tre Scalini,Novara
Hostaria da Franz,Venice
Blaue Traube,Algund
Osteria dell'Arco,Alba
Antica Osteria del Mare,Milan
Trattoria I Masenini,Verona
Dalla Gioconda,Gabicce Monte
Don Camillo,Syracuse
Da Nonna Sceppa,Paestum
Agriturismo Il Cavallino,Semproniano
Satricvm,Le Ferriere
Duo Ristorante,Lecce
aldìVino,Corciano
Le Miniere,Traversella
ME Restaurant,Pizzo
Wistèria,Venice
Osteria Piazzetta Cattedrale,Ostuni
Nostrano,Pesaro
Villa Giulia - Al Terrazzo,Valmadrera
La Torre,Tavarnelle Val di Pesa
Cacciatori,Cartosio
Guidoristorante,Serralunga d'Alba
Dina,Gussago
La Brinca,Ne
Maxi,Vico Equense
Cracco Portofino,Portofino
Aciniello,Campobasso
Bottega Lucia,Milan
Al Fogher,Piazza Armerina
Osteria dei Maltagliati,Torano Nuovo
La Casa degli Spiriti,Costermano
La Trota,Rivodutri
Bracali,Ghirlanda
Osteria Francescana,Modena
Ca' d'Frara,Ferrara
Masseria Moroseta,Ostuni
Radici Gourmet,Padua
Lineadombra,Venice
Volta del Fuenti by Michele De Blasio,Vietri sul Mare
Santa Teresa,Genoa
Krone,Aldino
Gimmy's,Aprica
Carne & Spirito,Brescia
Magazzino 52,Turin
Osteria le Logge,Sienna
MOI Omakase,Prato
Antica Trattoria Centro,Levanto
Wine & Dine,Canazei
Le Baccanti,Nola
Trattoria al Pompiere,Verona
San Baylon,Rome
Rear Restaurant,Nola
Gong,Milan
Saur,Barco
La Società Milano,Milan
Osteria Billis,Tortona
Agritur El Mas,Moena
Cavalluccio Marino,Lampedusa
Il Pievano,Gaiole in Chianti
Osteria Il Principe e Il Pirata,Pantelleria
L'Erba del Re,Modena
Sotto l'Arco,Bologna
La Fiaschetteria,Besenzone
Al Baliaggio,Venosa
Feria,Treviso
Valli di Lanzo,Céres
Cucina Cereda,Ponte San Pietro
La Corte Gourmet,Lainate
Enoteca Pinchiorri,Florence
Al Tonno di Corsa,Carloforte
Osteria Ricanatti,Ostuni
SaQua by Il Frantoio,Montescudaio
TerraMadre,Nettuno
Locanda de Banchieri,Fosdinovo
Lillotatini,Panicale
Exé Restaurant,Fiorano Modenese
Il Calandrino,Rubano
Piazza dei Mestieri,Turin
Mater Bistrot,Milan
Colline Ciociare,Acuto
Da Poli alla Stazione,Castelnovo di Sotto
IO Luigi Taglienti,Piacenza
Bruxaboschi,San Desiderio
Marechiaro,Bolzano
Diana's Place,Rome
Marsupino 1901,Briaglia
La Cucoma,San Pancrazio
Oro Restaurant,Venice
Rueda Gaucha,Lignano Sabbiadoro
Kitchen,Como
Osteria Taviani,Bientina
Salvo,Naples
Antiche Sere,Turin
Trattoria Leoni,Barbian
Grow Restaurant,Albiate
Casa Coppelle,Rome
AceroRosso,Vodo di Cadore
Bislakko,Vercelli
Il Doretto,Cecina
Flurin,Glorenza
Podere 39,Florence
Trattoria alla Pergola,Fagnano
Da Cesare,Rome
Quattro Passi,Marina del Cantone
Casa D'Angelo,Fara Filiorum Petri
Ego,Matera
San Michele,Fagagna
Bites,Milan
Cascina Vittoria,Rognano
La Locanda del Cardinale,Assisi
Ai Porteghi Bistrot,Padua
Sedicesimo Secolo,Pudiano
Antica Osteria il Ronchettino,Milan
Le Vele,Misano Adriatico
Osteria da Nando,Aosta
Primo Restaurant,Lecce
Caruso Roof Garden,Naples
Locanda Marchesani,Pomezia
Almondo Trattoria,Turin
Osteria la Lanterna,Valsolda
Vecchia Lama,Lama Mocogno
Seta Sushi Restaurant,Bologna
La Kucina,Foggia
L'Acchiatura,Racale
Aquadulcis,Vallo della Lucania
La Conchiglia d'Oro,Pineto
Il Flauto di Pan,Ravello
Osteria del Mirasole,San Giovanni in Persiceto
Acqua,Vieste
Palais Royal Restaurant,Venice
Estro Vino e Cucina,Venice
Osteria Grande,Arezzo
Vignamare,Andora
Acqua Pazza,Bologna
177 toledo,Naples
Locanda Belvedere,Saludecio
Due Camini,Savelletri
Per Me Giulio Terrinoni,Rome
Dissapore di Andrea Catalano,Carovigno
Locanda Martinelli,Nibbiaia
Mamma Rosa,San Polo d'Enza
Locanda Stella d'Oro,Soragna
Reale,Castel di Sangro
La Baita,Faenza
Principe Cerami,Taormina
Menegaldo,Monastier di Treviso
Osteria dell'Accademia,Montegridolfo
I Tenerumi,Isola Vulcano
Essenza,Terracina
Il Rivale al Lago,Padenghe sul Garda
Tre Noci,Spirano
La Stüa de Michil,Corvara in Badia
La Porta Antica,Brescia
Osteria Borsò Gambrinus,San Polo di Piave
Osteria Altran,Ruda
La Lumira,Castelfranco Emilia
Opificio,Noventa Padovana
Locanda del Falco,Rivalta Trebbia
Contaminazioni Restaurant,Somma Vesuviana
I 5 Sensi,Cuneo
Vineria Derthona,Tortona
De Gustibus - Maurizio,Palmi
Fana Ladina,San Vigilio di Marebbe
Ca' del Profeta,Montaldo Scarampi
Il Frantoio,Colle di Val d'Elsa
1908,Soprabolzano
Lord Nelson,Chiavari
Campo del Drago,Montalcino
Osteria Il Granaio,Rapolano Terme
Orto,Monopoli
Osteria Bakaré,Peschiera del Garda
Taverna del Capitano,Marina del Cantone
La Gallina,Gavi
Vescovo Moro,Verona
Antica Locanda dell'Orco,Rivarolo Canavese
Chicco di Grano,Castel Mella
La Dispensa di Armatore,Cetara
D'O,Cornaredo
Al Cambio,Bologna
Coquus,Lucera
Taverna La Cialoma,Marzamemi
Oscar,Ardenza
Casa Perbellini 12 Apostoli,Verona
Badessa,Casalgrande
Tilia,Toblach
Trattoria da Me,Bologna
Bove's,Cuneo
Gabbiano 1983,Corte de' Cortesi
La Locanda dei Narcisi,Pozzolo Formigaro
Bottega Aleotti,Crevalcore
La Gioconda,Cagli
Cavour,Dossobuono
Clandestino Susci Bar,Portonovo
La Quartina,Mergozzo
La Tortuga,Gargnano
Collina,Almenno San Bartolomeo
Iacobucci,Castel Maggiore
Voltalacarta,Genoa
Josè Restaurant - Tenuta Villa Guerra,Torre del Greco
Alla Pasina,Dosson
Silene,Seggiano
Cucina Bacilieri,Ferrara
Veranda,Cesenatico
Rio Bistrot,Riomaggiore
Villa Naj,Stradella
Trattoria da Fagiolino,Cutigliano
Pierino Penati,Vigano
Qafiz,Santa Cristina d'Aspromonte
Materia | Spazio Cucina,Catania
Gabbiano 3.0,Marina di Grosseto
Trattoria Battibecco,Bologna
Il Frantoio,Assisi
85 Bistrot,Sesto San Giovanni
Atto di Vito Mollica,Florence
Locanda Baggio,Asolo
Podere Belvedere Tuscany,Pontassieve
Al Sorriso,Soriso
Zappatori,Pinerolo
Il Principe,Pompei
Pacifico,Milan
Michelasso,Naples
Caffè La Crepa,Isola Dovarese
Stube Hermitage,Madonna di Campiglio
La Locanda del Falco,Valdieri
Salsedine367,Lido di Savio
Hydra,Salerno
Lu Pisantinu,Arzachena
Retroscena,Porto San Giorgio
Al Grop,Tavagnacco
Osteria Antico Brolo,Gardone Riviera
Altriménti,Milan
Serendib,Milan
20Tre,Genoa
L'Imbuto,Lucca
Antica Osteria Cera,Lughetto
L'Osteria dell'Orologio,Fiumicino
Da Gregorio,Morrano Nuovo
Da Nilo,Cetona
L'A Gourmet L'Accademia,Reggio Calabria
Pinocchio,Borgomanero
Osteria da Pietro,Castiglione delle Stiviere
Da Vincenzo,Positano
Next2,Positano
Osteria degli Assonica,Sorisole
Sot'Ajarchi,Ancona
Essencia Restaurant,Naples
Sottovoce,Como
Bel Ami,Maglie
Duomo,Ragusa
DanielCanzian,Milan
Cantina dei Cacciatori,Monteu Roero
Molteni,Adria
med,Treviso
Il Desco,Verona
Gusto by Sadler,San Teodoro
Saporium,Chiusdino
Casa Format,Orbassano
Antica Trattoria da Miculan,Tricesimo
Januarius,Naples
L'Osteria della Trippa,Rome
Nido del Picchio,Carpaneto Piacentino
Il Sereno Al Lago,Torno
Impronta,Albairate
Le Nove Scodelle,Milan
Il Piraña,Prato
Riccio Restaurant,Bacoli
La Terrazza,Torbole
Il Fico trentacareghe,Lerici
Casu Osteria Contemporanea,Giarre
Luciano Cucina Italiana,Rome
Trattoria al Ponte,Lusia
Il Pellicano,Porto Ercole
Trattoria da Paeto,Pianiga
Quattro Gigli,Montopoli in Val d'Arno
Palazzo Utini,Noceto
Lanzani Bottega & Bistrot,Brescia
Ca' Del Moro,Grezzana
SOMS,Pescara
Vineria Modì,Taormina
Lo Scudiero,Pesaro
QuarantunoDodici,Fiumicino
Locanda delle Grazie,Grazie
Miseria e Nobiltà,Campobasso
Lanterna Verde,Villa di Chiavenna
President,Pompei
Trattoria di Coronate,Morimondo
L'Archivolto - Osteria Nostrale,Ovada
Villa Feltrinelli,Gargnano
Malga Roncac,Moena
Bistrot,Forte dei Marmi
Casa del Vino della Vallagarina,Isera
ES Cantina&Ristorante,Manduria
L'Aia dei Cappellani,Trecchina
Trattoria Porteri,Brescia
Trequarti,Val Liona
Carlo e Camillo,Turin
Locanda Radici,Melizzano
Charleston,Palermo
Matteo Ristorante,Biella
Forme Restaurant,Brescia
Li Lioni,Porto Torres
Antica Trattoria Cattivelli,Monticelli d'Ongina
Aria,Lavagna
Taverna dell'Oca,Turin
Malenco,Chiesa in Valmalenco
Antiche Carampane,Venice
La Villa,Melfi
Rifugio Col Alt,Corvara in Badia
La Veranda,Cernobbio
Gunè San Frediano,Florence
Magorabin,Turin
Gourmetstube Einhorn,Mules
Almatò,Rome
Menabò Vino e Cucina,Rome
Langosteria Paraggi,Paraggi
La Cucina de' Mibabbo,Milan
Il Faggio,Pollone
Osmosi,Montepulciano
Ventuno.1,Alba
Il Merlo,Lido di Camaiore
Giannino dal 1899,Milan
Casamatta,Manduria
San Giorgio,Genoa
/gu.stà.re/ oltrecucina,Borgomanero
Cavallino,Maranello
Repubblica di Perno,Monforte d'Alba
Benedikto,Assisi
Osteria del Miglio 2.10,Pieve San Giacomo
Antica Osteria Moirago,Moirago
L'800,Argelato
Bon Wei,Milan
Pomiroeu,Seregno
da Omar,Lido di Jesolo
La Risacca Blu,Milan
La Palta,Borgonovo Val Tidone
La Braja,Montemagno
Bàcaro Il Gusto,Fossò
Perbacco,Pisciotta
Da Politano,Boves
San Giorgio,Umbertide
La Pajara Gourmet,Fiera di Primiero
Controcorrente,Morciano di Romagna
La Coccinella,Serravalle Langhe
Tivoli,Cortina d'Ampezzo
Mogano,Formello
Old Friend,Cagliari
Il Pescatore,Cala Gonone
Romanè,Rome
Nana Piccolo Bistrò,Senigallia
Elementi,Torgiano
La Terrazza,Asolo
Dal Pescatore,Runate
Al Dragone,Vieste
L'Ambasciata,Quistello
Miramonti l'Altro,Concesio
Kisté - Easy Gourmet,Taormina
La Perla del Mare,San Vincenzo
Stube Gourmet,Asiago
Casin del Gamba,Altissimo
Trattoria Ai Due Platani,Coloreto
Strattoria,Montrigiasco
La Veranda,Moltrasio
Locanda dei Cantù,Carona
Sushisen,Rome
Dolia Gaeta,Gaeta
Taverna Kerkira,Bagnara Calabra
La Sponda,Positano
Osteria dai Coghi,Albarè di Costermano
Due Colombe,Borgonato
Piano35,Turin
L'Arcangelo,Rome
Osteria della Tana,Asiago
L'Uva e il Malto,Grosseto
Antica Osteria,Ossana
Dolce Stil Novo alla Reggia,Venaria Reale
La Cantina di Manuela,Milan
Erbaluigia,Pisa
Ippogrifo,Genoa
Stefano Mocellin al Padovanino,Padua
Vecchio Porto,Villa San Giovanni
Lucia,Giulianova Lido
Terre Alte,Longiano
l' Ciocio - Osteria di Suvereto,Suvereto
MaMe Restaurant,Viareggio
Umberto a Mare,Forio
Essenza Bistrot,Olbia
ARIA,Naples
Hazama,Milan
Sa Corte,Oliena
Osteria Boccolicchio,Manfredonia
Rosselli 77,Cuorgnè
Il Colmetto,Rodengo Saiano
L'Oste e il Sacrestano,Licata
Shalai,Linguaglossa
Muraglia - Conchiglia d'Oro,Varigotti
Hostaria Ducale,Genoa
Rosmarino,Genoa
L'Officina,Perugia
Il Poggio Rosso,Castelnuovo Berardenga
Portanova,Urbino
Achilli al Parlamento,Rome
Il Tartufo,Revere
Hostaria del Vicolo,Sciacca
Da Tonino,Capri
I Tigli,San Bonifacio
Oberlechner,Algund
i-Fame,Rimini
Entrà,Finale Emilia
Trattoria Losanna,Masio
Malga Panna,Moena
La RiMa,Novara
Il Riccio,Anacapri
Tenuta Casa Virginia,Villa d'Almè
Alle Codole,Canale d'Agordo
Asina Luna,Peschiera Borromeo
Sapereta,Porto Azzurro
Carlo Magno,Collebeato
Enoteca di Canelli - Casa Crippa,Canelli
Feva,Castelfranco Veneto
Al Baccanale,Piombino
Il Grifone,Castel San Pietro Terme
Amistà,Corrubbio
Patauner,Settequerce
SottoSopra,Baveno
ZELO,Milan
La Bucaccia,Cortona
Baita Fraina,Cortina d'Ampezzo
Retrogusto,Otranto
San Domenico,Imola
Dentella,Bracca
Loewengrube,Bolzano
Walter Redaelli,Bettolle
Locanda Margon,Ravina
Enoteca La Torre,Rome
Berton,Milan
Saffron,Arezzo
Momento al 25,Carpi
Sibilla,Tivoli
Al Gatto Nero,Burano
Italo Bassi Confusion Restaurant,Porto Cervo
Contraste,Milan
Sissi,Merano
Doc,Borgio Verezzi
Tre Noghere,Bigolino
Antica Fattoria del Grottaione,Castel del Piano
Il Portico,Appiano Gentile
Cucine Nervi,Gattinara
Rimulas,Voghera
21.9,Piobesi d'Alba
Giano,Rome
Enoteca Del Duca,Volterra
Casa Leali,Puegnago sul Garda
Posillipo,Gabicce Monte
Al Capitan della Cittadella,Verona
Locanda Cacciatori,Ponte dell'Olio
Un Piano nel Cielo,Praiano
Vecchia Sorni,Sorni
Between,Rivoli
Olmo,Cornaredo
Un Posto a Milano,Milan
Al Piave,Mariano del Friuli
Trattoria da Zamboni,Lapio
Octavin,Arezzo
Felix Lo Basso home & restaurant,Milan
InAlto Alfio Ghezzi Dolomites,Moena
Il Mirto,Forio
Trattoria del Bivio,Cerretto Langhe
Consorzio,Turin
Vecchio Ristoro,Aosta
Pellico 3,Milan
Osteria degli Angeli,Malnate
Balìce,Milazzo
Da Nicolo,Carloforte
Mima,Vico Equense
Tancredi,Sirmione
Anima,Milan
Opera,Turin
Il Tirabusciò,Bibbiena
Su Gologone,Oliena
Brezza fish and chill,Soverato
Josef Stube,Madonna di Senales
Quintessenza,Trani
Bros',Lecce
Castello,Santa Vittoria d'Alba
Casa Sgarra,Trani
Kohaku,Rome
Da Annetta,Capolago
Guido,Rimini
Attico sul Mare,Grottammare
Locanda San Martino,Chies d'Alpago
La Notizia 53,Naples
Papaveri e Papere,San Miniato
Enoteca Meucci,Cortona
Osteria dell'Oca Bianca,Cavaglià
CiPASSO,Rome
L'Accanto,Vico Equense
Al Covo,Venice
Vitello d'Oro,Udine
Iyo Kaiseki,Milan
Konnubio,Florence
Al Persef,Livigno
Spoon,Teramo
Già Sotto l'Arco,Carovigno
Oasis - Sapori Antichi,Vallesaccarda
Il Papavero,Eboli
La Peca,Lonigo
Mezzolitro Vini e Cucina,Rho
Emozioni,Campobasso
A Spurcacciun-a,Savona
La Pineta,Genoa
Ai Campi di Marcello,Monfalcone
I Carracci,Bologna
Clemente,Sulmona
La Piemontese,Mariano Comense
Il Convivio Troiani,Rome
Il Bikini,Vico Equense
Faletta 1881,Casale Monferrato
La Posta,Cavour
Villa Tiboldi,Canale
Il Carpaccio,Acri
Nives,Selva di Val Gardena
AlpiNN,Brunico
I Giardini dei Rodo,Pantelleria
Eea,Ponza
Profumi di Cous Cous,San Vito lo Capo
Acaja,Pinerolo
Forentum,Lavello
Osteria de' Mercati,Sassari
Da Giovanni,Cortina Vecchia
El Primero,Origgio
Contrada Bricconi,Oltressenda Alta
Da Marchesi,Novafeltria
Hosteria La Cave Cantù,Casteggio
Il Latini,Florence
Dama,Cervesina
Osteria del Borro,San Giustino Valdarno
Dulchemente,Olbia
Matteo Grandi in Basilica,Vicenza
Trattoria della Fortuna,Monterotondo
Vascello d'Oro,Carrù
Al Monastero,Cividale del Friuli
Osteria del 36,Parma
SaleGrosso,Milano Marittima
Bacchus,Olbia
Veneziano,Randazzo
Villetta Annessa,Riva del Garda
Edelweiss,Viceno
Stella,Casaglia
Il Sole di Ranco,Ranco
Riva,Numana
"Il Giardino ""Da Felicin""",Monforte d'Alba
Da Miro alla Lanterna,Viareggio
Hostaria Uva Rara,Monticelli Brusati
Il Pavone,Alghero
Trattoria Ceriati,Salsomaggiore Terme
Locanda Alpina,Brez
Sintesi,Ariccia
Alessandro Mecca al Castello di Grinzane Cavour,Grinzane Cavour
Da Felice,Chiavari
Casa del Nonno 13,Mercato San Severino
Giglio,Lucca
La Chandelle,Breuil Cervinia
Belle Parti,Padua
Taverna Kus,San Zeno di Montagna
Enoteca L'Armadillo,Courmayeur
Capriccio,Augusta
Il Fiorile,Borghetto di Borbera
A' Paranza,Atrani
Bagatto,Loano
Ristorante Mas-cì,Clusone
Trattoria del Nuovo Macello,Milan
Acquolina,Rome
Osteria Bellavista,Paderno del Grappa
Soul & Fish,Sorrento
Nole,Pescara
Osteria Bartolini,Cesenatico
Nni Lausta,Santa Marina Salina
Romani,Vicomero di Torrile
Sa Musciara,Portoscuso
Castello di Fighine,San Casciano dei Bagni
Antica Locanda di Sesto,Ponte a Moriano
Da Gigetto,Miane
Nin,Brenzone sul Garda
Magiargè Osteria Contemporanea,Bordighera
Al Petes,Trieste
Alle Corone,Venice
Atelier Moessmer Norbert Niederkofler,Brunico
Buca di Bacco,Pietra Ligure
Menarosti,Trieste
Meltemi,Parma
Casa Rispoli,Cava de' Tirreni
La Nicchia,Cavour
Oberwirt,Marlengo
Marcandole,Salgareda
Da Odino,Quarto d'Altino
Imàgo,Rome
Perbacco - Vini e Cucina,Cannara
Paolo Griffa al Caffè Nazionale,Aosta
Gennaro Di Pace,Monforte d'Alba
Ostaria Pignatelli,Naples
Sud,Quarto
Tantris,Novara
Nuova Roma,Sasso Marconi
Local,Venice
El Filò,Pozza di Fassa
Al Segnavento,Zelarino
Locanda Sensi,Rivergaro
Io e Luna,Guarene
Il Cappero,Isola Vulcano
Trattoria Toscana al Vecchio Forno,San Quirico d'Orcia
Rifugio Fuciade,San Pellegrino
Antico Ristorante Forassiepi,Montecarlo
Baita Piè Tofana,Cortina d'Ampezzo
Le Cicale in Città,Genoa
Tavola di Guido,Castellina in Chianti
Terrazza Fiorella,Massa Lubrense
Acquerello,Fagnano Olona
U' Vulesce,Cerignola
Cosmo Restaurant,Pompei
Otto Geleng,Taormina
Bolle,Lallio
Balzi Rossi,Ventimiglia
Il Liberty,Milan
Locanda del Capitano & Tipico Osteria,Montone
Jamantè,Polignano a Mare
Ratanà,Milan
Butterfly,Marlia
San Marco,Canelli
Livello 1,Rome
Suinsom,Selva di Val Gardena
Al Bersagliere,Verona
Contesto Alimentare,Turin
Caffè Grande,Rivergaro
La Locanda del Borgo,Telese
Gucci Osteria da Massimo Bottura,Florence
Antica Corona Reale,Cervere
La Conchiglia,Arma di Taggia
Dolada,Pieve d'Alpago
Terra The Magic Place,Sarentino
Kosmo Taste the Mountain,Livigno
Da Bibe,Galluzzo
Il Narciso,Carrara
Il Molo,Passignano sul Trasimeno
Ménage,Catania
Magnolia,Longiano
Cannavacciuolo Countryside,Ticciano
Da Sapì,Esine
Di Martino Sea Front Pasta Bar,Naples
George Restaurant,Naples
Artifex,Brennero
Terrazza Danieli,Venice
Raieü,Cavi di Lavagna
Camiano Piccolo,Montefalco
Locanda Mariella,Calestano
Antica Trattoria la Grotta dal 1918,Sasso Marconi
Al Convento - Casa Torrente,Cetara
Terme,Pigna
Luigi Pomata,Cagliari
Tenuta del Gallo,Macchie
Menzaghi,Fagnano Olona
El Brite di Larieto,Cortina d'Ampezzo
Millo Ristorante,Santa Teresa Gallura
Caracol,Bacoli
Locanda San Michele,Montorio al Vomano
Il Baretto,Albignasego
Il Poggio,Poggiridenti
La Maison de Filip,Trento
Locanda Solagna,Quero
L'Oste Scuro,Verona
Andreina,Loreto
Claudio Ristorante,Fabbrico
Al Gambero,Calvisano
Antonello Colonna Labico,Labico
Campo Cedro,Sienna
Osteria Casale Ferrovia,Carovigno
Gagini Restaurant,Palermo
Derby Grill,Monza
La Perla,Varese
La Torre,Monselice
Sücar Brüsc,Mantua
La Locanda del Colonnello,Modica
Osteria Numero 2,Stradella
Trattoria Glisenti,Vello
L'Atelier 26,Saint-Christophe
Mater Terrae,Rome
The Cesar,Ladispoli
Zeb,Florence
Granoturco Bistrot,Castagnole Piemonte
Radici,Iseo
Toe Drûe,Sestri Ponente
L'Argine a Vencò,Dolegna del Collio
Christian & Manuel,Vercelli
Le Chiavi d'Oro,Arezzo
SaleGrosso,Marciana Marina
Aroma,Rome
Le Case della Saracca,Monforte d'Alba
Botero,Crema
Ginevra,Ancona
L'Agave,Framura
Alex,Marina di Pietrasanta
4 Ciance,Cuneo
Indigeno,Montepulciano
Coppola Rossa,Manfredonia
La Parolina,Trevinano
Sarri,Imperia
La Madia,Brione
Corte Visconti,Somma Lombardo
Roscioli,Rome
Enotavola,Padua
Al Palazzon,Galliera Veneta
Locanda Altobelli,Terracina
La Sosta di Ottone III,Levanto
Baracca - Storica Hostaria,Trebaseleghe
Joia,Milan
Le Beccherie,Treviso
Osteria del Viandante,Rubiera
Verbano,Stresa
Ai Mercanti,Venice
Zass,Positano
Il Falconiere,San Martino
Il Chiosco di Bacco,Torriana
Cavallino,Tortona
Al Moro,Marina Di Campo
[bu:r],Milan
Al Vecchio Convento,Varese
San Lorenzo,Spoleto
La Filanda,Asola
Locanda della Luna,San Giorgio del Sannio
Vespasia,Norcia
uovodiseppia Milano,Milan
Nazionale,Vernante
Ilario Vinciguerra,Gallarate
Coeur de Bois,Cogne
Hidalgo,Postal
Terrazza Gallia,Milan
Fradis Minoris,Pula
Tamo,Spoltore
Casa Federici,Montoro
Cip's Club,Venice
Boccadoro,Noventa
Osteria de l'Umbreleèr,Cicognolo
La Bandiera,Civitella Casanova
Il Convito di Curina,Castelnuovo Berardenga
Campocori,Rome
Oro Nero,Sauris
La Maison du Gourmet,Coloreto
Locanda da Condo,Col San Martino
Oberraindlhof,Madonna di Senales
Vitique,Greve in Chianti
Vecchia Marina,Roseto degli Abruzzi
Andrea Larossa,Turin
Ladinia,Corvara in Badia
Lazzaro 1915,Pontelongo
Il Fenicottero Rosa Gourmet,Faenza
Osteria il Moro,Trapani
Sostansa,Pordenone
Il Ridotto,Venice
Coltivare,La Morra
Comi 107,Como
Il Giurista,Perugia
Amo Bistrot,Verona
Il Buco,Sorrento
Razzo,Turin
Osteria Arbustico,Paestum
La Locanda di Piero,Montecchio Precalcino
Rovello 18,Milan
Borgo Poscolle,Cavazzo Carnico
Antico Ristorante Pagnanelli,Castel Gandolfo
Dogma,Rome
Trattoria del Pesce,Rome
Voce Aimo e Nadia,Milan
Lerchner's In Runggen,Saint Lorenzen
Verso Capitaneo,Milan
La Trattoria Enrico Bartolini,Castiglione della Pescaia
Sabir,Zafferana Etnea
Cortile Spirito Santo,Syracuse
Ristorante Da Anita - Chalet Prà delle Nasse,San Martino di Castrozza
Foresta,Marina di Pisa
Cocchi,Parma
Foresta,Moena
Da Luciano,Passignano sul Trasimeno
La Cucina di Donna Carmela,Riposto
Antica Trattoria al Gallo 1909,Ravenna
Sogno,San Felice del Benaco
RistoFante,Alzano Lombardo
Locanda del Feudo,Castelvetro di Modena
Da Oscar,Barcuzzi
Osteria La Sangiovesa,Santarcangelo di Romagna
Glass Hostaria,Rome
Il Gusto di Xinge,Florence
Da Concettina ai Tre Santi,Naples
Sichelburg,Pfalzen
Hebbo Wine & Deli,Toblach
La Madia,Licata
Il Cipresso - Da Cioni,Loro Ciuffenna
Krèsios,Telese
Madama Vigna,Baldichieri d'Asti
Degusteria Italiana,Florence
Enoteca San Nicola,Bobbio
Zash,Archi
Il Moro,Capriata d'Orba
Vite,Coriano
Ensama Pesce,Sala Bolognese
Il Grano di Pepe,Ravarino
Ristorante del Lago,Bagno di Romagna
Trattoria alla Ruota,Negrar
Lapprodo,Vibo Valentia Marina
La Taverna del Leone,Positano
La Veranda del Color,Bardolino
S'Andira,Santa Reparata
Salvo Cacciatori,Oneglia
Remo Villa Cariolato,Vicenza
Regina Lucia,Syracuse
Impronta d'Acqua,Cavi di Lavagna
Forte del 48,San Donà di Piave
Il Centro,Priocca
Osteria dei Vespri,Palermo
"Osteria del Mare già il ""Votapentole""",Castiglione della Pescaia
Cacciani,Frascati
Radici,Modica
Pierre Alexis 1877,Courmayeur
Altavilla,Bianzone
Osteria 1126,Poggibonsi
Il Tempo Nuovo,Ugento
Battipalo,Lesa
Gibas,Pesaro
Filippo,Pietrasanta
Scola,Castelbianco
Villa Elena,Bergamo
Innocenti Wine Experiences,Poggibonsi
Anna Stuben,Ortisei
Cavallini,San Severino Marche
Al Borgo,Belluno
Peperosa,Lucca
Gellius,Oderzo
Hostaria di Bricai,Varallo
Hostaria del Pavone,Vasto
Acqua,Olgiate Olona
La Foresteria,Menfi
Le Bistrot,Courmayeur
Al Cavallino Bianco,Polesine Parmense
Osteria L'Abbiccì,Seregno
Nobuya,Milan
Cuoco di Bordo,Senigallia
Santamonica,Genoa
Osteria la Fefa,Finale Emilia
Bistrot 64,Rome
Panevin,Feltre
Innocenti Evasioni,Milan
Cuculia,Florence
Accademia Ristorante,Casale Monferrato
Fratelli Bruzzone,Turin
Incàlmo,Este
Impronte,Bergamo
I Portici,Bologna
Osteria della Chiocciola,Cuneo
La Ciau del Tornavento,Treiso
Walser Schtuba,Ponte
Oblige,Vignola
Cannavacciuolo Le Cattedrali Asti,Asti
Mildas,Giustino
Langosteria,Milan
Osteria Vecchia Noce,Vicopisano
Trattoria Margherita,Arborea
Galileo,Civitanova Marche
Palazzaccio,Castelbuono
La Favellina,Malo
La Palomba,Orvieto
Violetta,Calamandrana
Madonnina del Pescatore,Marzocca
Gennaro Amitrano,Capri
Il Portolano,Porto San Paolo
Antica Corte Pallavicina,Polesine Parmense
Peter Brunel Ristorante Gourmet,Arco
Lux Lucis,Forte dei Marmi
Kandoo Nippon Restaurant,Cremona
L'Ortone,Florence
Aqua Crua,Barbarano Vicentino
Osteria del Posto,Corciano
Farmacia dei Sani,Ruffano
Moebius Sperimentale,Milan
Da Gelsomina,Anacapri
Agorà,Rende
Barbieri,Altomonte
Onda Blu,San Mauro a Mare
Aprudia,Giulianova
Le Trabe,Paestum
Cetaria,Baronissi
Taverna Estia,Brusciano
Trattoria la Rosa 1908,Sant'Agostino
Vivace,Brescia
Piccolo Lord,Turin
Cibus,Ceglie Messapica
Casa Coloni,Paestum
Da Bob Cook Fish,Sorrento
San Martino,Scorzè
Duanima,Cagliari
Il Giardino delle Esperidi,Bardolino
Apostelstube,Brixen
Locanda Perbellini,Milan
Bros' Trattoria,Scorrano
Teresa,Pegli
Ca' Vittoria,Tigliole
Mondschein,Sappada
Al Paradiso,Paradiso di Pocenia
CUCINA.eat,Cagliari
Osteria Expanificio,Agrigento
3.0 Ciro Cascella,Naples
Ponte Pietra,Verona
Extra,Carrara
Casa Rapisarda,Numana
Stilla,Colognola ai Colli
Blum,Taormina
Gratschwirt,Toblach
Cocun Cellar Restaurant,San Cassiano
Kürbishof,Anterivo
Idylio by Apreda,Rome
Damini Macelleria & Affini,Arzignano
Pulejo,Rome
Aimo e Nadia BistRo,Milan
Il Marchese - Osteria Mercato Liquori,Rome
Iyo,Milan
Zur Kaiserkron,Bolzano
Il Fagiano,Fasano del Garda
Il Michelaccio,Genoa
Trita Pepe,Manoppello Scalo
AB Osteria Contemporanea,Lavariano
Locanda Pincelli,Selva Malvezzi
Da Giannino - L'Angolo d'Abruzzo,Milan
Wicky's Innovative Japanese Cuisine,Milan
Terrazza Bosquet,Sorrento
Il Giardinetto,Mandello del Lario
Sarti del Gusto,Cagliari
FRE,Monforte d'Alba
Casa Buono,Ventimiglia
Lipadusa,Lampedusa
Osteria del Guà,Bagnolo
Antica Pesa,Rome
Dell'Alba,Piadena
La Fugascina Ristorante,Mergozzo
Osteria Ardenga,Diolo
Prato Gaio,Montecalvo Versiggia
Capo Santa Chiara,Genoa
Scrigno del Duomo,Trento
L'Ostreria Fratelli Pavesi,Podenzano
Osteria la Fontanina,Verona
Kuppelrain,Castelbello
Venissa,Mazzorbo
Andrea - Sapori Montani,Palazzolo Acreide
La Pineta,Sant'Anna
Mistral,Bellagio
Andree,La Spezia
Il Cortiletto,Toscolano-Maderno
I Salotti,Chiusi
Manuelina,Recco
Taverna dei Caldora,Pacentro
Alla Laguna - Vedova Raddi,Marano Lagunare
Parco Gambrinus,San Polo di Piave
Ansitz Romani,Termeno sulla Strada del Vino
Osteria Borgo Ronche,Fontanafredda
Degli Angeli,Magliano Sabina
Il Favri,San Giorgio della Richinvelda
Tubladel,Ortisei
Bistrot,Rieti
Serrae Villa Fiesole,Fiesole
Inkiostro,Parma
Don Geppi,Sant' Agnello
La Corte,Palazzolo sull'Oglio
Campiello,San Giovanni al Natisone
Il Credenziere,Annone Veneto
Osteria Zanchetti,Fossombrone
Aquariva,Padenghe sul Garda
Chat Qui Rit,Venice
Nugolo,Florence
Trattoria da Marino,Serravalle Pistoiese
Residenza del Lago,Candia Canavese
Osteria Mood,San Bartolomeo al Mare
Del Cambio,Turin
Ronchi Rò,Dolegna del Collio
Makorè,Ferrara
Taverna Rovita,Maratea
Quartopiano,Rimini
Io Osteria Personale,Florence
Ca' 7,Bassano del Grappa
Da Carla,Gambolò
Braunwirt,Sarentino
Mirepuà Food Lab,Cremolino
Del Fagioli,Florence
Moi,Rome
