term,term_id
situat,0
picturesqu,1
arcad,2
via,3
cesar,4
battisti,5
restaur,6
home,7
young,8
chef,9
whose,10
cuisin,11
inspir,12
tradit,13
recip,14
reinterpret,15
histor,16
centr,17
salerno,18
one,19
citi,20
best,21
dine,22
room,23
almost,24
minimalist,25
style,26
yet,27
thank,28
soft,29
light,30
boast,31
eleg,32
chic,33
decor,34
relax,35
inform,36
ambienc,37
team,38
overseen,39
talent,40
prepar,41
modern,42
creativ,43
dish,44
small,45
intim,46
welcom,47
simpl,48
live,49
feel,50
helm,51
kitchen,52
also,53
make,54
appear,55
front,56
hou,57
mantuan,58
highlight,59
luxuri,60
villa,61
compri,62
hotel,63
banquet,64
facil,65
renown,66
serv,67
set,68
column,69
period,70
featur,71
provid,72
within,73
antico,74
borgo,75
di,76
sutri,77
resort,78
heart,79
verdant,80
countrysid,81
around,82
viterbo,83
contemporari,84
warm,85
littl,86
bar,87
reminisc,88
german,89
wine,90
stube,91
summer,92
terrac,93
well,94
region,95
want,96
escap,97
mundan,98
life,99
cortina,100
marco,101
claroni,102
bring,103
finess,104
excel,105
offer,106
good,107
select,108
fish,109
emphasi,110
care,111
chosen,112
local,113
includ,114
occas,115
rare,116
famili,117
run,118
enthusiast,119
staff,120
four,121
rustic,122
enjoy,123
delici,124
ever,125
popular,126
marchigiana,127
veal,128
steak,129
friendli,130
atmosph,131
typic,132
tuscan,133
trattoria,134
menu,135
classic,136
favourit,137
tuscani,138
pappa,139
al,140
motta,141
establish,142
reput,143
qualiti,144
especi,145
meat,146
sourc,147
farm,148
piedmont,149
option,150
age,151
larg,152
bastion,153
main,154
profu,155
wood,156
parquet,157
floor,158
panel,159
expo,160
roofbeam,161
five,162
tabl,163
design,164
except,165
bathroom,166
filia,167
express,168
full,169
charact,170
owner,171
michael,172
silhavì,173
charm,174
locat,175
metr,176
gran,177
madr,178
church,179
fine,180
array,181
italian,182
although,183
special,184
understand,185
take,186
first,187
café,188
anis,189
liqueur,190
name,191
creat,192
maritim,193
culinari,194
journey,195
north,196
itali,197
south,198
comfort,199
bistrot,200
la,201
perla,202
guest,203
introduc,204
mani,205
delight,206
flavour,207
gloriou,208
premi,209
old,210
arnolfo,211
town,212
manag,213
previou,214
new,215
corner,216
franc,217
right,218
brugiano,219
canal,220
occupi,221
uniqu,222
romant,223
combin,224
coloni,225
parisian,226
pride,227
place,228
servic,229
avail,230
glass,231
trastev,232
come,233
surpri,234
high,235
ceil,236
still,237
demonstr,238
stun,239
foot,240
templ,241
vesta,242
admir,243
attract,244
outdoor,245
two,246
connect,247
arch,248
ground,249
palazzo,250
materi,251
give,252
stone,253
outsid,254
vigevano,255
countri,256
portico,257
privat,258
antiqu,259
furnitur,260
paint,261
artist,262
wall,263
courteou,264
stylish,265
mountain,266
twist,267
loo,268
translat,269
inn,270
milan,271
famou,272
langosteria,273
given,274
holiday,275
season,276
sibl,277
bagni,278
fior,279
overlook,280
hamlet,281
castl,282
inhabit,283
malatesta,284
dynasti,285
star,286
villag,287
musso,288
hospit,289
profess,290
gener,291
japan,292
heavi,293
mediterranean,294
influenc,295
toku,296
yoji,297
tokuyoshi,298
horsemeat,299
tataki,300
busi,301
year,302
rear,303
focu,304
daili,305
market,306
easili,307
found,308
despit,309
nascosto,310
posto,311
mean,312
hidden,313
lie,314
alleyway,315
terni,316
coupl,317
seat,318
choo,319
vast,320
bari,321
interest,322
antonio,323
scalera,324
accompani,325
intellig,326
fascin,327
stori,328
behind,329
castelli,330
romani,331
celebr,332
cacciani,333
authent,334
view,335
città,336
sant,337
angelo,338
distanc,339
unfussi,340
seri,341
teem,342
warmth,343
backdrop,344
edg,345
announc,346
riviera,347
slightli,348
inland,349
uphil,350
sea,351
tranquil,352
oasi,353
greeneri,354
practic,355
beach,356
touch,357
speciali,358
suggest,359
use,360
pharmaci,361
late,362
taken,363
juri,364
bulgari,365
opposit,366
exclu,367
garden,368
niko,369
romito,370
abruzzi,371
mix,372
ca,373
dio,374
arsen,375
district,376
venic,377
biennal,378
held,379
vero,380
trendi,381
howev,382
gain,383
experi,384
elsewh,385
liguria,386
confid,387
seafood,388
augusto,389
valzelli,390
return,391
call,392
osteria,393
il,394
granaio,395
realli,396
brick,397
rapolano,398
throw,399
build,400
date,401
made,402
ingredi,403
miss,404
alongsid,405
simpler,406
notabl,407
splendid,408
alfresco,409
agnelli,410
showroom,411
manufactur,412
cookwar,413
shop,414
host,415
surround,416
à,417
cart,418
order,419
copiou,420
appeti,421
month,422
gastronom,423
determin,424
graduat,425
literatur,426
degr,427
passion,428
food,429
swap,430
pen,431
ladl,432
describ,433
meet,434
point,435
quiet,436
cuneo,437
sophist,438
cook,439
top,440
without,441
forget,442
area,443
therefor,444
coast,445
campania,446
particular,447
bay,448
napl,449
wealth,450
breathtak,451
spectacular,452
arriv,453
cala,454
moresca,455
leav,456
bistro,457
hint,458
vintag,459
roman,460
imagin,461
sinc,462
fausto,463
becom,464
near,465
group,466
eight,467
restor,468
trulli,469
arrang,470
throughout,471
long,472
way,473
ancestor,474
open,475
tavern,476
evolv,477
invit,478
mediev,479
gualdo,480
cattaneo,481
amid,482
gentl,483
valley,484
far,485
foligno,486
grottino,487
perfect,488
choic,489
anyon,490
keen,491
sampl,492
umbrian,493
space,494
lake,495
garda,496
sailboat,497
bob,498
water,499
ruffl,500
arezzo,501
origin,502
among,503
drive,504
along,505
wind,506
narrow,507
extrem,508
road,509
get,510
ortica,511
tenuta,512
golfo,513
paradiso,514
genoa,515
often,516
case,517
produc,518
hallmark,519
fourth,520
import,521
seminario,522
vescovil,523
bishop,524
seminari,525
auster,526
majest,527
exterior,528
contrast,529
minim,530
personali,531
aim,532
someth,533
differ,534
three,535
ventur,536
brainchild,537
brother,538
alreadi,539
delicatessen,540
porto,541
cervo,542
partial,543
guangzhou,544
southern,545
china,546
detail,547
justifi,548
firstli,549
wide,550
cure,551
ham,552
friuli,553
prosciutto,554
afield,555
secondli,556
beauti,557
cathedr,558
cozzi,559
mouthwat,560
display,561
cake,562
move,563
dessert,564
tortellini,565
capon,566
clear,567
pleasantli,568
collina,569
dei,570
ciliegi,571
estat,572
valpantena,573
hill,574
lift,575
calabria,576
pass,577
manoppello,578
scalo,579
car,580
park,581
spaciou,582
recommend,583
capitan,584
verona,585
fifteen,586
ad,587
art,588
nouveau,589
façad,590
squar,591
unexpectedli,592
interior,593
plain,594
roll,595
destin,596
sunday,597
outing,598
usual,599
street,600
pleasant,601
watch,602
toni,603
adorn,604
wooden,605
redecor,606
ago,607
evoc,608
photo,609
document,610
depict,611
histori,612
furnish,613
seafront,614
veranda,615
raw,616
filippi,617
overflow,618
memorabilia,619
juke,620
box,621
coff,622
machin,623
owe,624
continu,625
success,626
head,627
toward,628
prettiest,629
part,630
corvara,631
find,632
left,633
insid,634
guà,635
dialect,636
river,637
novo,638
properti,639
barchessa,640
weather,641
soak,642
fireplac,643
winter,644
whatev,645
time,646
central,647
flagship,648
florentin,649
entrepreneur,650
address,651
exten,652
grow,653
list,654
back,655
recogni,656
flourish,657
today,658
wholeheartedli,659
embrac,660
whether,661
visibl,662
window,663
formerli,664
post,665
characterist,666
bedroom,667
develop,668
wing,669
consist,670
ligurian,671
follow,672
mill,673
transform,674
gourmet,675
skil,676
vincenzo,677
cucolo,678
third,679
aosta,680
enhanc,681
randazzo,682
dot,683
mt,684
etna,685
mushroom,686
spin,687
filanda,688
complet,689
lose,690
eugenio,691
boer,692
showca,693
support,694
venu,695
austrian,696
soldier,697
venetian,698
maurizio,699
overs,700
giglio,701
men,702
took,703
friend,704
form,705
real,706
togeth,707
may,708
conjur,709
imag,710
caribbean,711
tortuga,712
actual,713
harbour,714
upper,715
lonigo,716
peca,717
know,718
great,719
thing,720
see,721
ancient,722
rome,723
colosseum,724
dome,725
st,726
peter,727
truli,728
memor,729
motto,730
innov,731
perfectli,732
sum,733
tast,734
alik,735
risotto,736
pea,737
guestroom,738
reflect,739
simplic,740
femal,741
background,742
former,743
vet,744
florenc,745
seclud,746
posit,747
nice,748
rang,749
rich,750
lakefront,751
face,752
port,753
simpli,754
gentli,755
pictur,756
even,757
dolcedo,758
earli,759
millston,760
press,761
alessandria,762
farmhou,763
clever,764
latter,765
foothil,766
maggior,767
colour,768
slight,769
descent,770
lead,771
paradi,772
pastel,773
shade,774
younger,775
enoteca,776
stand,777
ordinari,778
invent,779
word,780
advic,781
opt,782
tini,783
bright,784
wife,785
supervi,786
pasqual,787
laera,788
puglia,789
work,790
learn,791
rule,792
code,793
broaden,794
horizon,795
oldest,796
visitor,797
convivi,798
freshli,799
monasteri,800
promenad,801
alessandro,802
feo,803
mark,804
perhap,805
fewer,806
cerreto,807
guidi,808
ps,809
ristor,810
magnif,811
medici,812
petriolo,813
appeal,814
francigena,815
monteriggioni,816
abbadia,817
isola,818
superb,819
romanesqu,820
book,821
big,822
person,823
nearli,824
least,825
barbecu,826
intern,827
cembra,828
pinewood,829
would,830
never,831
guess,832
tuck,833
away,834
commerci,835
outskirt,836
perugia,837
everyth,838
chang,839
residenti,840
l,841
aquila,842
elegantli,843
simon,844
patio,845
viareggio,846
shipyard,847
mame,848
orient,849
bench,850
corso,851
italia,852
alpin,853
subtl,854
music,855
larch,856
clad,857
san,858
patrignano,859
commun,860
crop,861
rai,862
livestock,863
chee,864
vite,865
giusepp,866
biuso,867
niccolò,868
palumbo,869
pastri,870
gabriel,871
lorenzo,872
catucci,873
dynam,874
strong,875
link,876
white,877
love,878
tyrrhenian,879
surprisingli,880
studi,881
decid,882
true,883
sicilian,884
rural,885
highli,886
skill,887
start,888
type,889
tapa,890
vegan,891
adjoin,892
daniel,893
joy,894
parma,895
conveni,896
short,897
walk,898
cherasco,899
ten,900
fabio,901
draw,902
variou,903
career,904
strictli,905
farmer,906
sugar,907
truffl,908
salt,909
rice,910
etc,911
theodor,912
falser,913
grand,914
sitea,915
second,916
neighbourhood,917
marina,918
ravarotto,919
pay,920
tribut,921
sardinia,922
icon,923
su,924
filindeu,925
pasta,926
difficult,927
ciociaria,928
andrea,929
impero,930
borgobrufa,931
spent,932
spain,933
spanish,934
result,935
directli,936
heat,937
altitud,938
plan,939
de,940
coron,941
ski,942
next,943
lumen,944
museum,945
dedic,946
photographi,947
agriturismo,948
colmetto,949
week,950
line,951
vagu,952
british,953
vill,954
laid,955
past,956
stove,957
lit,958
hard,959
sort,960
sen,961
satisfi,962
visit,963
resid,964
naviglio,965
del,966
brenta,967
fulli,968
renov,969
reign,970
suprem,971
wherev,972
unusu,973
factori,974
stream,975
look,976
acquaint,977
michelin,978
guid,979
remain,980
field,981
bread,982
veget,983
grown,984
smart,985
pari,986
michelino,987
gioia,988
nativ,989
weak,990
sciò,991
less,992
forti,993
madonnina,994
moreno,995
cedroni,996
lost,997
influenti,998
dolomieu,999
oak,1000
six,1001
advanc,1002
dv,1003
chalet,1004
energet,1005
elisa,1006
win,1007
fresh,1008
sold,1009
door,1010
certain,1011
day,1012
tempt,1013
aroma,1014
bake,1015
greet,1016
soon,1017
step,1018
doubt,1019
natur,1020
newest,1021
costantino,1022
turn,1023
le,1024
sirenu,1025
prestigi,1026
glamor,1027
amalfi,1028
positano,1029
individu,1030
luca,1031
trabalzini,1032
partner,1033
rossella,1034
gem,1035
fasano,1036
began,1037
australia,1038
add,1039
amount,1040
patienc,1041
need,1042
access,1043
dusti,1044
dirt,1045
track,1046
wend,1047
landscap,1048
matera,1049
cave,1050
complex,1051
traffic,1052
enter,1053
tend,1054
remind,1055
splendour,1056
golden,1057
mile,1058
island,1059
ideal,1060
explor,1061
drink,1062
cigar,1063
loung,1064
piombino,1065
fortress,1066
stonework,1067
vault,1068
london,1069
world,1070
evid,1071
somewhat,1072
unexpect,1073
clitunno,1074
portion,1075
black,1076
recent,1077
undoubt,1078
busier,1079
question,1080
ziantoni,1081
henc,1082
close,1083
refurbish,1084
map,1085
marianna,1086
vital,1087
falzarego,1088
tofan,1089
show,1090
friendship,1091
prompt,1092
bologna,1093
courtyard,1094
salento,1095
worthwhil,1096
silkworm,1097
fondaco,1098
tedeschi,1099
stock,1100
exchang,1101
merchant,1102
northern,1103
europ,1104
trade,1105
counterpart,1106
bakeri,1107
convert,1108
vegetarian,1109
member,1110
presenc,1111
antich,1112
mura,1113
savour,1114
land,1115
number,1116
galleri,1117
portrait,1118
librari,1119
breakfast,1120
lunchtim,1121
duomo,1122
mulberri,1123
tree,1124
morer,1125
stood,1126
cross,1127
grove,1128
enchant,1129
dell,1130
rose,1131
boat,1132
side,1133
brickwork,1134
glimp,1135
plu,1136
veneto,1137
frosio,1138
bentivoglio,1139
bargellini,1140
varignana,1141
share,1142
grifon,1143
symbol,1144
brought,1145
peac,1146
drape,1147
red,1148
bottega,1149
lucia,1150
mainli,1151
addit,1152
iberian,1153
peninsula,1154
guggenheim,1155
brai,1156
rack,1157
lamb,1158
gate,1159
bergamo,1160
chiefli,1161
spaghetti,1162
urchin,1163
orecchiett,1164
clam,1165
chickpea,1166
delicaci,1167
pici,1168
pachino,1169
cherri,1170
tomato,1171
garlic,1172
chilli,1173
product,1174
nonetheless,1175
loyal,1176
regular,1177
clientel,1178
reason,1179
obviou,1180
augurio,1181
salon,1182
colomb,1183
fresco,1184
dove,1185
present,1186
cagliari,1187
term,1188
valu,1189
money,1190
sit,1191
counter,1192
scalinata,1193
della,1194
costarella,1195
numana,1196
santa,1197
caterina,1198
perch,1199
updat,1200
sigilinium,1201
thought,1202
school,1203
carracci,1204
painter,1205
definit,1206
respon,1207
osmosi,1208
fattoria,1209
svetoni,1210
vineyard,1211
wineri,1212
palermo,1213
vucciria,1214
bold,1215
strike,1216
bolzano,1217
pock,1218
chine,1219
suili,1220
zhou,1221
homeland,1222
kilometr,1223
splash,1224
chianti,1225
reach,1226
worth,1227
entir,1228
african,1229
tristan,1230
du,1231
plessi,1232
capit,1233
pietropaoli,1234
brescia,1235
sever,1236
fabric,1237
beaten,1238
scala,1239
ravello,1240
galeata,1241
inner,1242
idyl,1243
calandr,1244
calandrino,1245
eclect,1246
retain,1247
cabinet,1248
grocer,1249
search,1250
hunt,1251
lodg,1252
panoram,1253
vittorio,1254
giano,1255
w,1256
cocktail,1257
end,1258
boccadass,1259
florian,1260
maison,1261
bucol,1262
cremona,1263
po,1264
beam,1265
nobuya,1266
brown,1267
dark,1268
subdu,1269
illumin,1270
romagna,1271
adriat,1272
unnecessari,1273
frill,1274
spruce,1275
salcheto,1276
organ,1277
montepulciano,1278
broke,1279
bank,1280
herb,1281
fire,1282
steep,1283
slope,1284
fossombron,1285
risen,1286
nearbi,1287
pordenon,1288
quicker,1289
smaller,1290
price,1291
lower,1292
lighter,1293
meal,1294
orsoburg,1295
piazza,1296
cavour,1297
doubl,1298
entranc,1299
level,1300
luigi,1301
lavazza,1302
groceri,1303
store,1304
immedi,1305
blend,1306
later,1307
could,1308
lagoon,1309
fusion,1310
imagna,1311
major,1312
certainli,1313
known,1314
frantoio,1315
regret,1316
disappear,1317
plenti,1318
parent,1319
coquu,1320
versilian,1321
club,1322
extend,1323
tano,1324
simonato,1325
flavor,1326
key,1327
lea,1328
firm,1329
sunset,1330
marsupino,1331
warmli,1332
homag,1333
territori,1334
accord,1335
cellar,1336
enrico,1337
bartolini,1338
award,1339
impress,1340
achiev,1341
pantheon,1342
francesco,1343
apreda,1344
couscou,1345
abbey,1346
deep,1347
knowledg,1348
constantli,1349
dama,1350
equal,1351
remark,1352
tri,1353
freshwat,1354
pike,1355
carp,1356
tench,1357
porta,1358
venezia,1359
lush,1360
giulia,1361
tapestri,1362
wonder,1363
giuliano,1364
baldessari,1365
beneventano,1366
beef,1367
fillet,1368
octopu,1369
aspic,1370
jelli,1371
act,1372
antechamb,1373
tricesimo,1374
whole,1375
pull,1376
fore,1377
venison,1378
spa,1379
grill,1380
approach,1381
avenu,1382
cypress,1383
pine,1384
maremma,1385
cattl,1386
final,1387
sign,1388
cére,1389
bear,1390
ristourànt,1391
valàdess,1392
lanss,1393
con,1394
oubèrgi,1395
aviano,1396
magic,1397
magredi,1398
canton,1399
birthday,1400
galleria,1401
emanuel,1402
ii,1403
sight,1404
apt,1405
cracco,1406
though,1407
gourmethotel,1408
tenn,1409
reinvent,1410
weekli,1411
anonym,1412
compen,1413
alway,1414
latini,1415
institut,1416
keep,1417
aliv,1418
frame,1419
granit,1420
tone,1421
echo,1422
nostalg,1423
green,1424
bottl,1425
franciacorta,1426
salumi,1427
mantova,1428
noto,1429
baglieri,1430
dinner,1431
allow,1432
cour,1433
aromat,1434
alcov,1435
prefer,1436
eat,1437
enthusiasm,1438
sassi,1439
kept,1440
augustu,1441
acquapartita,1442
emblem,1443
versilia,1444
proudli,1445
daughter,1446
chiara,1447
expert,1448
somm,1449
cistern,1450
seen,1451
wit,1452
oliv,1453
oil,1454
coll,1455
val,1456
elsa,1457
calett,1458
boutiqu,1459
luna,1460
rizz,1461
mari,1462
low,1463
venosta,1464
theatric,1465
gerhard,1466
wieser,1467
preci,1468
technic,1469
lucca,1470
shelv,1471
minut,1472
ferrara,1473
reliabl,1474
fifth,1475
base,1476
homemad,1477
antipasto,1478
monferrato,1479
sondrio,1480
decad,1481
gianluca,1482
inject,1483
abbruzzino,1484
bassa,1485
bresciana,1486
due,1487
sergio,1488
annarita,1489
utmost,1490
indoor,1491
slide,1492
furor,1493
reopen,1494
bluh,1495
feast,1496
tasti,1497
elabor,1498
settl,1499
restrict,1500
emilian,1501
root,1502
dock,1503
timber,1504
punta,1505
ala,1506
elba,1507
montecristo,1508
argentario,1509
panorama,1510
testaccio,1511
associ,1512
butcher,1513
francesca,1514
ciucci,1515
flight,1516
ragu,1517
tripe,1518
coach,1519
barrel,1520
parolina,1521
lazio,1522
isid,1523
romano,1524
neighbour,1525
salinari,1526
enterpri,1527
genuin,1528
march,1529
grillo,1530
film,1531
symboli,1532
spirit,1533
nobl,1534
ironi,1535
flavio,1536
costa,1537
birth,1538
adopt,1539
twin,1540
born,1541
difficulti,1542
encount,1543
hermitag,1544
everi,1545
travel,1546
salesman,1547
stop,1548
meantim,1549
french,1550
cosi,1551
wear,1552
costum,1553
fondu,1554
basement,1555
tavolara,1556
experienc,1557
vibrant,1558
convinc,1559
goe,1560
hand,1561
vomero,1562
montefeltro,1563
half,1564
rabbit,1565
cheer,1566
parliament,1567
interpret,1568
torr,1569
gualtieri,1570
foundat,1571
damask,1572
linen,1573
candlestick,1574
techniqu,1575
excit,1576
climb,1577
fan,1578
element,1579
novara,1580
luisa,1581
marelli,1582
husband,1583
valazza,1584
locanda,1585
degli,1586
artisti,1587
collect,1588
azienda,1589
agrituristica,1590
sa,1591
mandra,1592
emblemat,1593
roast,1594
suckl,1595
pig,1596
label,1597
vibo,1598
valentia,1599
play,1600
role,1601
aeolian,1602
flair,1603
hot,1604
centuri,1605
mamma,1606
teresa,1607
papa,1608
go,1609
proud,1610
alto,1611
adig,1612
attent,1613
round,1614
fairli,1615
giorgia,1616
eugenia,1617
goggi,1618
mostli,1619
signora,1620
gianello,1621
fell,1622
vicenza,1623
bought,1624
feminin,1625
built,1626
teatro,1627
pompeo,1628
e,1629
passioni,1630
casa,1631
relai,1632
flora,1633
nissen,1634
predominantli,1635
serina,1636
faith,1637
discoveri,1638
summertim,1639
sardinian,1640
manuel,1641
bouchard,1642
inspector,1643
plin,1644
seasid,1645
ahead,1646
happi,1647
like,1648
saffron,1649
christian,1650
site,1651
impronta,1652
acquir,1653
monument,1654
giustino,1655
maintain,1656
conci,1657
tyrolean,1658
canederli,1659
pressati,1660
dumpl,1661
eden,1662
theatr,1663
hay,1664
barn,1665
belltow,1666
fare,1667
accept,1668
carbonara,1669
agr,1670
feat,1671
bridg,1672
basilicata,1673
signif,1674
delic,1675
kuccagna,1676
cut,1677
vial,1678
cipressi,1679
guado,1680
discov,1681
el,1682
filò,1683
dolomit,1684
ladin,1685
pallanza,1686
massimiliano,1687
celest,1688
snail,1689
signor,1690
umberto,1691
federico,1692
chignola,1693
abli,1694
assist,1695
son,1696
filippo,1697
miki,1698
monterosso,1699
anchovi,1700
franca,1701
distinct,1702
marbl,1703
seven,1704
staf,1705
effici,1706
respect,1707
alici,1708
santandrea,1709
conca,1710
marini,1711
gherardesca,1712
matur,1713
palagio,1714
refin,1715
begin,1716
fairyt,1717
resembl,1718
fact,1719
custom,1720
worker,1721
terri,1722
giacomello,1723
nin,1724
classici,1725
struck,1726
hundr,1727
foremost,1728
innocenti,1729
legendari,1730
pietro,1731
jewel,1732
zass,1733
culatello,1734
vedel,1735
brianza,1736
giorgio,1737
stroll,1738
chair,1739
workmanship,1740
moriggi,1741
captur,1742
refer,1743
cava,1744
driver,1745
hor,1746
war,1747
marzamemi,1748
tuna,1749
fisheri,1750
sicili,1751
anoth,1752
bustl,1753
honest,1754
paolo,1755
lidia,1756
guido,1757
alciati,1758
signal,1759
revolutioni,1760
cielo,1761
aptli,1762
sommità,1763
mansion,1764
whitewash,1765
limeston,1766
cosmo,1767
lucio,1768
testa,1769
sheepfold,1770
rein,1771
sustain,1772
indic,1773
expect,1774
voyag,1775
vari,1776
alp,1777
pepp,1778
much,1779
deservedli,1780
cell,1781
boathou,1782
ciccio,1783
sultano,1784
ibla,1785
refresh,1786
boil,1787
modena,1788
larossa,1789
connoisseur,1790
ea,1791
tourist,1792
hord,1793
venissa,1794
middl,1795
mazzorbo,1796
elisabeth,1797
fano,1798
intensifi,1799
effort,1800
gradual,1801
vietri,1802
giardini,1803
fuenti,1804
cliff,1805
ventr,1806
champion,1807
irpinia,1808
seek,1809
soup,1810
biodynam,1811
raia,1812
novi,1813
ligur,1814
gavi,1815
rossi,1816
cairo,1817
steiner,1818
pergola,1819
worri,1820
kursaal,1821
undeni,1822
dug,1823
rock,1824
aragon,1825
nestl,1826
memori,1827
across,1828
globe,1829
asia,1830
anthoni,1831
genov,1832
huge,1833
lamp,1834
asian,1835
giancarlo,1836
perbellini,1837
spend,1838
giacomo,1839
devoto,1840
sarzana,1841
youth,1842
idea,1843
environ,1844
advantag,1845
brera,1846
autumn,1847
artisan,1848
bespok,1849
canzian,1850
justic,1851
lombardi,1852
acquerello,1853
oltrepò,1854
pave,1855
etruscan,1856
synagogu,1857
hewn,1858
ring,1859
partli,1860
postcard,1861
immer,1862
silenc,1863
montebor,1864
flan,1865
acacia,1866
honey,1867
torri,1868
eateri,1869
arca,1870
airi,1871
guarant,1872
mist,1873
biedermei,1874
ferrari,1875
rebosio,1876
franco,1877
franciosi,1878
abruzzo,1879
hinterland,1880
chateaubriand,1881
spring,1882
onion,1883
slaughterh,1884
grandfath,1885
current,1886
numer,1887
promi,1888
giarr,1889
berghotel,1890
ladinia,1891
tell,1892
strait,1893
messina,1894
cogliardo,1895
brembo,1896
meadow,1897
orob,1898
peak,1899
declar,1900
nuova,1901
peopl,1902
adverti,1903
slogan,1904
stella,1905
eschew,1906
overli,1907
ornat,1908
favour,1909
massimo,1910
bottura,1911
alserio,1912
garag,1913
cestello,1914
rho,1915
swim,1916
pool,1917
camiano,1918
piccolo,1919
montefalco,1920
quit,1921
misl,1922
donato,1923
poggio,1924
poi,1925
gulf,1926
alfonso,1927
repr,1928
bergamasca,1929
soften,1930
over,1931
theme,1932
iaccarino,1933
sui,1934
golfi,1935
cefalù,1936
stage,1937
genova,1938
panissa,1939
salad,1940
slice,1941
modica,1942
baron,1943
rather,1944
fussi,1945
avant,1946
gard,1947
loggia,1948
vasariana,1949
fatjon,1950
maze,1951
cegli,1952
either,1953
sala,1954
papi,1955
section,1956
formazza,1957
leon,1958
gleam,1959
mariapaola,1960
ask,1961
anna,1962
castello,1963
scaligero,1964
sirmion,1965
rucola,1966
domin,1967
railway,1968
station,1969
desiderio,1970
bruxaboschi,1971
ambiti,1972
exot,1973
problem,1974
asparagu,1975
lakesid,1976
brunico,1977
moessmer,1978
textil,1979
illustr,1980
popolo,1981
ripetta,1982
refectori,1983
convent,1984
moirago,1985
carlo,1986
pitosforo,1987
portofino,1988
lucki,1989
easi,1990
countless,1991
must,1992
mausoleum,1993
mahogani,1994
calabrian,1995
parco,1996
pollino,1997
ravioli,1998
wareh,1999
net,2000
solid,2001
cavi,2002
rooftop,2003
hardli,2004
hassler,2005
slowli,2006
earthquak,2007
seneca,2008
stronghold,2009
sadler,2010
baglioni,2011
prototyp,2012
salami,2013
cement,2014
silvestro,2015
father,2016
satoshi,2017
hazama,2018
hush,2019
cool,2020
warmer,2021
alajmo,2022
sile,2023
aisl,2024
scene,2025
center,2026
comprehen,2027
oper,2028
modest,2029
concattedr,2030
apostolo,2031
aurora,2032
balanc,2033
plateau,2034
royal,2035
rest,2036
scheme,2037
skewer,2038
loui,2039
duchess,2040
boschi,2041
carrega,2042
andora,2043
path,2044
inter,2045
seeport,2046
roof,2047
ancona,2048
train,2049
gualtiero,2050
marchesi,2051
spoleto,2052
bacher,2053
burkhard,2054
vision,2055
energi,2056
basilica,2057
fermo,2058
soav,2059
malaspina,2060
bottagisio,2061
camaldoli,2062
pedestriani,2063
merano,2064
suburb,2065
trail,2066
fishmong,2067
saporium,2068
santo,2069
anniversari,2070
rosita,2071
zelo,2072
cetona,2073
fair,2074
castel,2075
capri,2076
sorrentin,2077
sara,2078
help,2079
judg,2080
threshold,2081
bagno,2082
teverini,2083
expon,2084
advi,2085
decidedli,2086
multifunct,2087
separ,2088
archway,2089
felic,2090
benaco,2091
duo,2092
project,2093
ghedini,2094
pelizzari,2095
martina,2096
caruso,2097
signum,2098
porch,2099
pedestrian,2100
courmayeur,2101
wild,2102
sorrento,2103
downhil,2104
bislacco,2105
eccentr,2106
chocol,2107
fountain,2108
lucan,2109
muse,2110
mother,2111
grandmoth,2112
pont,2113
vecchio,2114
bassano,2115
grappa,2116
gennaro,2117
januariu,2118
relic,2119
said,2120
alla,2121
diner,2122
lengthi,2123
partnership,2124
chain,2125
border,2126
snowsho,2127
excur,2128
tret,2129
fortifi,2130
prosper,2131
cortil,2132
arabo,2133
restaurateur,2134
bramea,2135
shortag,2136
pepper,2137
mozzarella,2138
mission,2139
orchard,2140
palm,2141
discreetli,2142
hyatt,2143
rio,2144
frescada,2145
wisteria,2146
ostuni,2147
paragon,2148
butter,2149
liquid,2150
seriana,2151
byblo,2152
similar,2153
harmoni,2154
antonino,2155
cannavacciuolo,2156
reconnect,2157
childhood,2158
caretak,2159
nel,2160
lussuoso,2161
abbazia,2162
gli,2163
ambienti,2164
sontuosi,2165
imprezio,2166
da,2167
camino,2168
affreschi,2169
decorazioni,2170
servizio,2171
per,2172
bella,2173
stagion,2174
sono,2175
cornic,2176
treviso,2177
southernmost,2178
ortigia,2179
salomon,2180
suit,2181
siracusa,2182
nineteenth,2183
laboratori,2184
wrap,2185
greek,2186
ponza,2187
rug,2188
coastlin,2189
game,2190
david,2191
canella,2192
marciana,2193
coton,2194
botan,2195
ritual,2196
bath,2197
mirror,2198
imprint,2199
retro,2200
umbertid,2201
beneath,2202
bardini,2203
solociccia,2204
officina,2205
bistecca,2206
specif,2207
divid,2208
tuorlo,2209
await,2210
capabl,2211
mayr,2212
bressanon,2213
brixen,2214
lomellina,2215
frog,2216
leg,2217
gasthau,2218
herbert,2219
hintner,2220
undisput,2221
master,2222
ribollita,2223
col,2224
pomodoro,2225
pappardel,2226
boar,2227
stew,2228
fiorentina,2229
palomba,2230
cinti,2231
cycl,2232
shore,2233
mural,2234
ciociara,2235
lifestyl,2236
stylishli,2237
cold,2238
crackl,2239
lot,2240
transfer,2241
onto,2242
maria,2243
vallicella,2244
chiesa,2245
pipero,2246
ciro,2247
belong,2248
christoph,2249
columbu,2250
stabl,2251
bacaro,2252
phrase,2253
sour,2254
giudecca,2255
limit,2256
nive,2257
campanian,2258
fame,2259
beyond,2260
ostien,2261
crowd,2262
exquisit,2263
cantin,2264
nervi,2265
sport,2266
receiv,2267
hearti,2268
silverwar,2269
particularli,2270
mupa,2271
proprietor,2272
characteri,2273
seem,2274
broken,2275
horsesho,2276
ronchetto,2277
napoleon,2278
stay,2279
night,2280
ind,2281
sho,2282
territorio,2283
tradizion,2284
cavallo,2285
scosso,2286
charg,2287
suvereto,2288
olmo,2289
elm,2290
cornaredo,2291
oldani,2292
blason,2293
reserv,2294
potato,2295
bell,2296
tower,2297
par,2298
flaminio,2299
beli,2300
fossaceca,2301
neutral,2302
noth,2303
detract,2304
significantli,2305
stool,2306
newli,2307
expand,2308
cascinalenuovo,2309
tongu,2310
millefeuil,2311
foie,2312
gra,2313
pino,2314
cuttaia,2315
candia,2316
dal,2317
degan,2318
michel,2319
ferrero,2320
cover,2321
scenic,2322
vallefredda,2323
daylight,2324
permeat,2325
società,2326
operaia,2327
mutuo,2328
soccorso,2329
som,2330
mutual,2331
aid,2332
zunica,2333
civitella,2334
tronto,2335
warrior,2336
statu,2337
bc,2338
capestrano,2339
provinc,2340
carv,2341
singl,2342
block,2343
tofana,2344
recanati,2345
birthplac,2346
poet,2347
leopardi,2348
costabella,2349
suffic,2350
say,2351
pastur,2352
toledo,2353
exhibit,2354
giovanni,2355
noli,2356
chard,2357
ricotta,2358
brilliant,2359
tantali,2360
caught,2361
belé,2362
descript,2363
charmingli,2364
chand,2365
piec,2366
jetti,2367
yacht,2368
todi,2369
minimum,2370
fuss,2371
serendib,2372
sri,2373
lanka,2374
indian,2375
lankan,2376
polignano,2377
passeggiata,2378
domenico,2379
modugno,2380
fruit,2381
woodland,2382
geiser,2383
east,2384
barberini,2385
emilia,2386
casano,2387
avino,2388
stretch,2389
felix,2390
lo,2391
basso,2392
regularli,2393
depend,2394
requir,2395
casamadr,2396
specialist,2397
faraglioni,2398
ciclopi,2399
spheric,2400
sculptur,2401
arnaldo,2402
palac,2403
reassur,2404
recal,2405
pretti,2406
tile,2407
contribut,2408
adjac,2409
griffa,2410
american,2411
girl,2412
forio,2413
led,2414
copper,2415
pot,2416
lid,2417
locomot,2418
quirin,2419
salvat,2420
spot,2421
bit,2422
cramp,2423
fashion,2424
belved,2425
mont,2426
conero,2427
mandarin,2428
cosmopolitan,2429
apennin,2430
moder,2431
makorè,2432
abocar,2433
closer,2434
argentin,2435
cling,2436
sibilla,2437
tiglio,2438
murat,2439
attanasio,2440
patch,2441
holzner,2442
nod,2443
liberti,2444
mare,2445
vicina,2446
lingotto,2447
metro,2448
volp,2449
sixth,2450
mecca,2451
padana,2452
evangelista,2453
abbrevi,2454
evan,2455
ruffano,2456
palazzi,2457
montoro,2458
cipolla,2459
ramata,2460
cerrato,2461
restuar,2462
agnolotti,2463
stuf,2464
umbrella,2465
trento,2466
nordic,2467
capitano,2468
tipico,2469
lesina,2470
revolv,2471
besid,2472
accommod,2473
gerri,2474
spaccanapoli,2475
neapolitan,2476
travertin,2477
lakeshor,2478
taormina,2479
bougainvillea,2480
haut,2481
male,2482
ceraudo,2483
authorit,2484
pella,2485
orto,2486
nina,2487
eye,2488
page,2489
papavero,2490
poppi,2491
plant,2492
tall,2493
cusago,2494
impo,2495
put,2496
mood,2497
orlando,2498
exampl,2499
capitaneo,2500
unit,2501
gallo,2502
cedron,2503
bertelli,2504
sabino,2505
fortunato,2506
trucco,2507
roia,2508
ventimiglia,2509
federica,2510
tartar,2511
preserv,2512
esordi,2513
papà,2514
evelyn,2515
arco,2516
embellish,2517
alba,2518
langh,2519
damiano,2520
nigro,2521
varieti,2522
novic,2523
execut,2524
tarquinia,2525
bare,2526
necropoli,2527
monterozzi,2528
unesco,2529
heritag,2530
prati,2531
subtli,2532
discreet,2533
gianpaolo,2534
burba,2535
paola,2536
juliet,2537
public,2538
admiss,2539
fee,2540
payabl,2541
miteco,2542
artemid,2543
archestrato,2544
nostra,2545
storia,2546
guarneri,2547
lover,2548
menton,2549
baretto,2550
padova,2551
basic,2552
principl,2553
mantarro,2554
nich,2555
bounti,2556
branca,2557
doria,2558
extraordinari,2559
bernardo,2560
champagn,2561
pineta,2562
nondescript,2563
morello,2564
air,2565
abroad,2566
diver,2567
strombolicchio,2568
occa,2569
teapot,2570
brighten,2571
dash,2572
blue,2573
leather,2574
como,2575
nightlif,2576
bartolo,2577
sassoferrato,2578
distinguish,2579
jurist,2580
gianfilippo,2581
gatto,2582
becam,2583
cerreta,2584
sleep,2585
agricultur,2586
arcinazzo,2587
curtaton,2588
mincio,2589
beacon,2590
manduria,2591
primit,2592
vinilia,2593
nardini,2594
shine,2595
terracina,2596
chiusi,2597
cohe,2598
brindo,2599
realiti,2600
fun,2601
engag,2602
amerigo,2603
familiar,2604
cannaregio,2605
alghero,2606
gian,2607
chessa,2608
marri,2609
hong,2610
kong,2611
suzzara,2612
predomin,2613
petra,2614
segreta,2615
maqui,2616
scrubland,2617
fuoco,2618
sacro,2619
promontori,2620
manzoni,2621
archaeolog,2622
wave,2623
notic,2624
keyword,2625
non,2626
nuzzo,2627
perez,2628
pompei,2629
sagramoso,2630
conservatori,2631
orang,2632
lemon,2633
direct,2634
romana,2635
buzz,2636
pub,2637
initi,2638
beer,2639
harri,2640
matteo,2641
metullio,2642
pra,2643
savor,2644
angelina,2645
candlelit,2646
constant,2647
peasant,2648
claudio,2649
smallest,2650
boffa,2651
hairpin,2652
bend,2653
shelter,2654
tre,2655
pizzi,2656
purcha,2657
comacina,2658
balbianello,2659
fool,2660
rel,2661
reclam,2662
marsh,2663
dairi,2664
tack,2665
reduc,2666
prioriti,2667
supplier,2668
certifi,2669
trip,2670
gae,2671
aulenti,2672
réva,2673
monfort,2674
fre,2675
roma,2676
pignatelli,2677
andi,2678
warhol,2679
valerio,2680
coastal,2681
enclav,2682
angiolieri,2683
accanto,2684
amidst,2685
boulder,2686
sculpt,2687
junip,2688
tantal,2689
mercato,2690
erb,2691
sticker,2692
record,2693
kind,2694
sure,2695
aperitif,2696
renato,2697
stall,2698
corridor,2699
excelsior,2700
vittoria,2701
cultur,2702
miran,2703
casentino,2704
glamour,2705
phi,2706
smeralda,2707
castelfranco,2708
ichikawa,2709
slop,2710
schio,2711
got,2712
accademia,2713
albertina,2714
byzantin,2715
pagliazza,2716
women,2717
prison,2718
lefay,2719
dolom,2720
pinzolo,2721
trentino,2722
plate,2723
intrigu,2724
offal,2725
fast,2726
balconi,2727
monviso,2728
vivalda,2729
kränzelhof,2730
possibl,2731
educ,2732
pet,2733
therapi,2734
capriat,2735
tramontano,2736
nicoletta,2737
gargnano,2738
appreci,2739
sansepolcro,2740
piacenza,2741
bàcaro,2742
rebrand,2743
candl,2744
sceneri,2745
neri,2746
gargioli,2747
bottom,2748
revisit,2749
maratea,2750
tad,2751
concept,2752
emot,2753
promot,2754
craft,2755
worthi,2756
pair,2757
faenza,2758
mogano,2759
framura,2760
habsburg,2761
armi,2762
storico,2763
preziosa,2764
marubini,2765
gazebo,2766
farmyard,2767
anim,2768
roam,2769
freeli,2770
absolut,2771
zero,2772
compromi,2773
experti,2774
dri,2775
lean,2776
betray,2777
sky,2778
highest,2779
gabicc,2780
dalla,2781
gioconda,2782
rebirth,2783
danc,2784
conceiv,2785
pink,2786
clement,2787
oberwirt,2788
croce,2789
match,2790
walnut,2791
nogher,2792
earth,2793
movi,2794
benjamin,2795
button,2796
cason,2797
hall,2798
size,2799
egnazia,2800
candlelight,2801
frattaubread,2802
bro,2803
synonym,2804
free,2805
floriano,2806
pellegrino,2807
isabella,2808
potì,2809
oyster,2810
caviar,2811
glori,2812
function,2813
wrought,2814
iron,2815
glowig,2816
savoy,2817
doorway,2818
miniato,2819
gilberto,2820
pepenero,2821
mara,2822
treat,2823
vehicl,2824
saracca,2825
steel,2826
frequent,2827
rout,2828
apart,2829
cod,2830
voghera,2831
bordighera,2832
thirti,2833
murg,2834
elena,2835
squid,2836
chicori,2837
sauc,2838
plea,2839
exist,2840
mid,2841
huber,2842
fiordaliso,2843
pontoon,2844
consum,2845
jacopo,2846
chieppa,2847
sweet,2848
savouri,2849
leaven,2850
mirazur,2851
beat,2852
shabbi,2853
antipasti,2854
rosso,2855
rosina,2856
carri,2857
hour,2858
offida,2859
calderino,2860
sasso,2861
marconi,2862
antinori,2863
badia,2864
passignano,2865
english,2866
item,2867
tablet,2868
favorita,2869
opul,2870
cabl,2871
turin,2872
intesa,2873
skyscrap,2874
renzo,2875
jealou,2876
uphold,2877
laqua,2878
galaxi,2879
verit,2880
xx,2881
settembr,2882
patron,2883
fragrant,2884
lapland,2885
un,2886
carpentri,2887
workshop,2888
pisciotta,2889
ensur,2890
orta,2891
guilio,2892
giulio,2893
ciasa,2894
salar,2895
enbogonè,2896
tagliatel,2897
borlotti,2898
bean,2899
extra,2900
virgin,2901
rosemari,2902
meticul,2903
fiera,2904
lungarno,2905
ascent,2906
piazzal,2907
michelangelo,2908
galileo,2909
saint,2910
remi,2911
charismat,2912
marino,2913
ginetta,2914
arcangelo,2915
probabl,2916
dream,2917
moment,2918
nowaday,2919
tinari,2920
angela,2921
outlet,2922
sauri,2923
trout,2924
malga,2925
egg,2926
ceram,2927
sushi,2928
h,2929
tailor,2930
bellaria,2931
sharp,2932
frediano,2933
king,2934
prawn,2935
cuttlefish,2936
fragsburg,2937
ahimé,2938
bufi,2939
frammenti,2940
everywh,2941
ethnic,2942
szechuan,2943
rise,2944
sand,2945
une,2946
acquedotto,2947
relazioni,2948
baroqu,2949
stairca,2950
wherea,2951
kosovo,2952
emin,2953
haziri,2954
grew,2955
semicircular,2956
alta,2957
paid,2958
calvisano,2959
meucci,2960
ronchi,2961
rò,2962
collio,2963
breathtakingli,2964
sassolungo,2965
sella,2966
monastero,2967
rosa,2968
strongli,2969
cantina,2970
toblino,2971
hosteria,2972
landmark,2973
sister,2974
fishermen,2975
paestum,2976
cristian,2977
torsiello,2978
arborina,2979
cilenti,2980
blind,2981
trend,2982
ignor,2983
tyrol,2984
gastro,2985
piero,2986
gorini,2987
immortali,2988
writer,2989
montal,2990
poetri,2991
vincent,2992
granari,2993
grenier,2994
tumbl,2995
grain,2996
tool,2997
pomposa,2998
rebuilt,2999
instead,3000
funicular,3001
fondazion,3002
rovati,3003
aprea,3004
décor,3005
specialti,3006
neat,3007
tespi,3008
refug,3009
founder,3010
count,3011
adami,3012
architectur,3013
moor,3014
fri,3015
coxinendi,3016
atzeni,3017
ethic,3018
renaiss,3019
shortli,3020
bacari,3021
asti,3022
impecc,3023
challeng,3024
lago,3025
explain,3026
everyon,3027
underpin,3028
philosophi,3029
fiumicino,3030
pascucci,3031
expertli,3032
ricchebuono,3033
children,3034
join,3035
quinson,3036
levanto,3037
compani,3038
catch,3039
bollat,3040
ingalera,3041
parker,3042
vesuviu,3043
valsassina,3044
futurist,3045
multi,3046
purpo,3047
sini,3048
vernaccia,3049
murrua,3050
rizzo,3051
rend,3052
lili,3053
impli,3054
ampl,3055
elev,3056
happili,3057
buffet,3058
mapl,3059
cutleri,3060
compet,3061
manuelina,3062
pizzeria,3063
snack,3064
padoan,3065
captiv,3066
gimignano,3067
companion,3068
codol,3069
nicknam,3070
mine,3071
lend,3072
henri,3073
prosperi,3074
belov,3075
accomplish,3076
maîtr,3077
era,3078
criteria,3079
vergin,3080
ancestr,3081
navona,3082
outbuild,3083
apricena,3084
stefania,3085
pasquo,3086
campo,3087
fiori,3088
undergon,3089
corbara,3090
eala,3091
jut,3092
alfio,3093
ghezzi,3094
formula,3095
piev,3096
baciadonn,3097
alley,3098
narrowest,3099
paper,3100
placemat,3101
cipriani,3102
oro,3103
sappada,3104
kratter,3105
hut,3106
involv,3107
mole,3108
marcello,3109
trentini,3110
enzo,3111
coccia,3112
consid,3113
pizza,3114
quantiti,3115
succeed,3116
sound,3117
creak,3118
gilmozzi,3119
cantinon,3120
rita,3121
seventh,3122
lunch,3123
sangro,3124
sapio,3125
roberta,3126
cozzetto,3127
ingiulla,3128
desir,3129
georg,3130
hashb,3131
watermil,3132
norbert,3133
niederkofl,3134
commit,3135
alberto,3136
toè,3137
baumgartn,3138
adventur,3139
agostino,3140
iacobucci,3141
rememb,3142
entic,3143
circella,3144
lucera,3145
crown,3146
breath,3147
remo,3148
hero,3149
polda,3150
berico,3151
palermino,3152
consumm,3153
rieti,3154
umbria,3155
modifi,3156
glad,3157
coldana,3158
proietti,3159
pete,3160
marko,3161
west,3162
teramo,3163
studio,3164
predilect,3165
typifi,3166
uruguay,3167
pavilion,3168
evok,3169
scandinavian,3170
mini,3171
onofrio,3172
pagnotto,3173
tenerumi,3174
budget,3175
pietra,3176
fontanina,3177
caino,3178
gravit,3179
valeria,3180
piccini,3181
proudest,3182
ambassador,3183
donna,3184
fertil,3185
graziano,3186
accolla,3187
augusta,3188
profil,3189
steal,3190
possoni,3191
castrocaro,3192
giacchini,3193
moretto,3194
vie,3195
toceno,3196
vigezzo,3197
riomaggior,3198
split,3199
mauro,3200
uliassi,3201
farn,3202
calistri,3203
hidalgo,3204
dough,3205
kalò,3206
secret,3207
circolino,3208
sacchi,3209
quieter,3210
monferrini,3211
caravaggio,3212
pilgrim,3213
shrine,3214
mattia,3215
trabetti,3216
claudia,3217
riccardo,3218
piastrino,3219
nurtur,3220
olbia,3221
chiavari,3222
structur,3223
cinema,3224
madoni,3225
lamezia,3226
oltr,3227
fazio,3228
moma,3229
serra,3230
last,3231
bandwagon,3232
chanc,3233
sumptuou,3234
rimini,3235
brightli,3236
aristocrat,3237
twentieth,3238
incr,3239
santuario,3240
consolata,3241
boundari,3242
viewpoint,3243
prelud,3244
palluda,3245
sugo,3246
fiat,3247
test,3248
convey,3249
cliché,3250
hide,3251
fagon,3252
posti,3253
stanc,3254
wast,3255
princip,3256
piemont,3257
centenari,3258
kerkira,3259
corfu,3260
taverna,3261
villoresi,3262
rospigliosi,3263
bernini,3264
svevo,3265
assunta,3266
albenga,3267
langa,3268
bolognina,3269
porceddu,3270
gaudenzio,3271
enel,3272
remodel,3273
brass,3274
chioggia,3275
activ,3276
tommaso,3277
arrigoni,3278
courtesi,3279
observ,3280
blindfold,3281
inten,3282
gelliu,3283
antica,3284
opitergium,3285
outli,3286
firmli,3287
trendier,3288
folli,3289
redevelop,3290
industri,3291
scabin,3292
rivoli,3293
appli,3294
prophet,3295
hernan,3296
brazilian,3297
footbal,3298
fischetti,3299
ugento,3300
puglian,3301
oldofredi,3302
luciano,3303
villani,3304
sannio,3305
uncompromi,3306
acquapetra,3307
pipe,3308
dant,3309
valid,3310
farmstead,3311
vino,3312
museo,3313
marineria,3314
acquarol,3315
mosaic,3316
alon,3317
zeno,3318
trasimeno,3319
comun,3320
vita,3321
è,3322
una,3323
marta,3324
grassi,3325
tantri,3326
essenti,3327
signatur,3328
prime,3329
breed,3330
refrig,3331
replac,3332
tropea,3333
frati,3334
minimi,3335
sun,3336
indigo,3337
hue,3338
dusk,3339
indaco,3340
citru,3341
palmento,3342
older,3343
gainn,3344
korean,3345
soya,3346
complement,3347
guinea,3348
susanna,3349
trota,3350
loop,3351
cattivelli,3352
boè,3353
piz,3354
adject,3355
trafoier,3356
gambero,3357
sculli,3358
emigr,3359
colombano,3360
grotto,3361
riccio,3362
quintessenti,3363
lane,3364
baracchi,3365
falconi,3366
argaj,3367
satisfact,3368
appropri,3369
nino,3370
costanzo,3371
ischia,3372
ferment,3373
feltrinelli,3374
chose,3375
brunel,3376
richli,3377
bino,3378
aquarium,3379
prosecco,3380
condo,3381
lele,3382
usai,3383
tino,3384
zone,3385
talk,3386
urban,3387
suggestioni,3388
trani,3389
cervinia,3390
basin,3391
marmot,3392
revel,3393
esplanad,3394
holder,3395
baccala,3396
bosco,3397
cagli,3398
suppli,3399
clean,3400
motorway,3401
exit,3402
schlosswirt,3403
forst,3404
luisl,3405
buratti,3406
vigilio,3407
catania,3408
imbu,3409
stara,3410
circular,3411
protect,3412
marin,3413
palaud,3414
blanc,3415
hostelri,3416
liveliest,3417
shape,3418
normal,3419
bellini,3420
università,3421
trio,3422
mislead,3423
eventu,3424
armerina,3425
flower,3426
castelvecchio,3427
cippi,3428
hustl,3429
softli,3430
fowl,3431
gastrosteria,3432
beig,3433
bachelor,3434
grace,3435
offici,3436
chairman,3437
buca,3438
tackl,3439
militari,3440
fort,3441
rubiera,3442
angolo,3443
centofanti,3444
posillipo,3445
power,3446
sensat,3447
abound,3448
bianco,3449
capodifium,3450
microcosm,3451
trabe,3452
hydroelectr,3453
sarca,3454
giada,3455
miori,3456
tufa,3457
satnav,3458
spezia,3459
cow,3460
onlin,3461
verbania,3462
england,3463
saltwat,3464
pavement,3465
feria,3466
feltrin,3467
extern,3468
done,3469
color,3470
rivarola,3471
tivoli,3472
adriano,3473
baldassarr,3474
hadrian,3475
stilt,3476
clandestino,3477
unspoilt,3478
distinctli,3479
break,3480
annex,3481
mirav,3482
riva,3483
tablecloth,3484
chalk,3485
blackboard,3486
martino,3487
inherit,3488
cambio,3489
risorgimento,3490
kindergarten,3491
chapel,3492
milda,3493
mirko,3494
greener,3495
anacapri,3496
equa,3497
vico,3498
chestnut,3499
cornerston,3500
contamin,3501
pinerolo,3502
milon,3503
masaki,3504
kuroda,3505
serendipico,3506
capannori,3507
increa,3508
vatican,3509
schlutzkrapfen,3510
spinach,3511
hike,3512
durnwald,3513
mottaron,3514
leek,3515
gnocchi,3516
pumpkin,3517
avoid,3518
trap,3519
casserol,3520
pillow,3521
lace,3522
pescocostanzo,3523
pension,3524
piacentin,3525
colder,3526
hilli,3527
cartosio,3528
tild,3529
accent,3530
allu,3531
stucco,3532
arva,3533
latin,3534
cultiv,3535
plung,3536
polish,3537
galleon,3538
belt,3539
evoluzion,3540
vittori,3541
guard,3542
enviabl,3543
request,3544
spectacl,3545
gondola,3546
cime,3547
tortellino,3548
brodo,3549
lumira,3550
encompass,3551
sale,3552
reinforc,3553
lloyd,3554
baia,3555
cavallino,3556
maranello,3557
laetitia,3558
linguaglossa,3559
stresa,3560
parmesan,3561
nicolò,3562
sourdough,3563
quick,3564
quintilio,3565
junction,3566
geograph,3567
smoke,3568
cilento,3569
fig,3570
napoli,3571
scottojonno,3572
chantant,3573
macerata,3574
biagiola,3575
gather,3576
relationship,3577
unmistak,3578
silhouett,3579
uncompl,3580
cast,3581
nuvola,3582
regina,3583
enough,3584
caltagiron,3585
altern,3586
soverato,3587
broast,3588
patti,3589
vine,3590
row,3591
caravello,3592
span,3593
milazzo,3594
spill,3595
deck,3596
larger,3597
peruvian,3598
dominican,3599
bad,3600
neighborhood,3601
mantra,3602
remulass,3603
radish,3604
lord,3605
byron,3606
marmi,3607
barbaresco,3608
aretusi,3609
sotto,3610
amphitheatr,3611
pupil,3612
gusto,3613
pollenzo,3614
loft,3615
gola,3616
furlo,3617
savona,3618
quintogusto,3619
afford,3620
sila,3621
stefano,3622
mocellin,3623
bygon,3624
sunni,3625
latest,3626
equip,3627
saletta,3628
timeless,3629
drawn,3630
barolo,3631
cream,3632
acir,3633
mount,3634
nation,3635
decept,3636
uninterest,3637
crespi,3638
sixti,3639
andreina,3640
errico,3641
grandma,3642
giuseppa,3643
nephew,3644
spread,3645
nero,3646
palladiana,3647
grandi,3648
lanza,3649
sett,3650
querc,3651
golf,3652
dent,3653
gigant,3654
propo,3655
ost,3656
scuro,3657
armchair,3658
faccani,3659
magnolia,3660
cesenatico,3661
termini,3662
pacentro,3663
ball,3664
leopard,3665
luchino,3666
visconti,3667
senal,3668
zur,3669
version,3670
farra,3671
grandpar,3672
reloc,3673
padr,3674
giacinto,3675
sapori,3676
montani,3677
certosa,3678
albeit,3679
radetzki,3680
flee,3681
rebellion,3682
camp,3683
troop,3684
rampina,3685
carlofortinian,3686
pievasciata,3687
visibilio,3688
taster,3689
gulfi,3690
confirm,3691
eleph,3692
slovenian,3693
crow,3694
fli,3695
dual,3696
thick,3697
ownership,3698
send,3699
email,3700
roero,3701
morelli,3702
viu,3703
miramonti,3704
arianna,3705
gatti,3706
valtellin,3707
pezzuto,3708
bulwark,3709
brescian,3710
livorno,3711
parkhotel,3712
laurin,3713
fratelli,3714
massucco,3715
etra,3716
anagram,3717
fornari,3718
fefa,3719
diminut,3720
genoveffa,3721
streamlin,3722
pinchiorri,3723
grandio,3724
excess,3725
donei,3726
intertwin,3727
aya,3728
brusson,3729
uffizi,3730
mondello,3731
charleston,3732
mazzara,3733
deconsecr,3734
volumnia,3735
taglienti,3736
liter,3737
passageway,3738
barisano,3739
pale,3740
eel,3741
vecio,3742
macello,3743
steam,3744
accursio,3745
craparo,3746
radici,3747
parmen,3748
tagliolini,3749
parallel,3750
albaro,3751
gallar,3752
contemporanea,3753
josta,3754
remot,3755
gong,3756
sassari,3757
fork,3758
mutton,3759
pork,3760
duck,3761
macellaria,3762
ate,3763
domodossola,3764
ossola,3765
cedro,3766
asiago,3767
europa,3768
pigna,3769
object,3770
bonu,3771
aic,3772
iseo,3773
shadow,3774
penultim,3775
royalhotel,3776
trinità,3777
monti,3778
gianfranco,3779
fino,3780
tuff,3781
margherita,3782
classi,3783
scent,3784
woodsmok,3785
alzaia,3786
alessandra,3787
prior,3788
shiroya,3789
barbara,3790
culmin,3791
cordevigo,3792
oseleta,3793
sanbrit,3794
distract,3795
gaze,3796
contaminazioni,3797
dimora,3798
ulmo,3799
mano,3800
libera,3801
prato,3802
imper,3803
repertoir,3804
tola,3805
rasa,3806
bruzzon,3807
deserv,3808
applau,3809
higher,3810
stafler,3811
austria,3812
junior,3813
commiss,3814
botania,3815
better,3816
introduct,3817
straight,3818
skirt,3819
torregrotta,3820
cibreo,3821
catherin,3822
attempt,3823
unsuccess,3824
export,3825
maicol,3826
cookeri,3827
subject,3828
varena,3829
caval,3830
gardena,3831
zanini,3832
proto,3833
atrani,3834
guarino,3835
interact,3836
bristol,3837
urbino,3838
pescara,3839
nole,3840
moderni,3841
capo,3842
gala,3843
uliveto,3844
scampi,3845
crayfish,3846
vale,3847
offanengo,3848
crema,3849
breadstick,3850
campiello,3851
feniletto,3852
chicken,3853
vera,3854
esperienza,3855
musciora,3856
geotherm,3857
technolog,3858
control,3859
forlì,3860
nautilu,3861
tiber,3862
tune,3863
prevail,3864
midday,3865
agli,3866
amici,3867
laundri,3868
moat,3869
appl,3870
baldo,3871
aristocraci,3872
acaja,3873
cardi,3874
gobbi,3875
hazelnut,3876
mention,3877
calm,3878
credenti,3879
boost,3880
karim,3881
lopez,3882
takahiko,3883
kondo,3884
moi,3885
fleme,3886
thoma,3887
ennio,3888
flaiano,3889
nun,3890
assisi,3891
benedikto,3892
kistè,3893
treasur,3894
trove,3895
terra,3896
merlo,3897
milano,3898
vertic,3899
esperienz,3900
morra,3901
ghirlanda,3902
collin,3903
metallif,3904
nobless,3905
vignola,3906
oblig,3907
identifi,3908
naiv,3909
defin,3910
incàlmo,3911
toulà,3912
edoardo,3913
fumag,3914
malcesin,3915
cube,3916
dobbiaco,3917
tilia,3918
misurina,3919
deal,3920
vilòn,3921
ferri,3922
consorzio,3923
acclaim,3924
tumin,3925
mel,3926
hectar,3927
alchemi,3928
lowland,3929
emilio,3930
sine,3931
shrimp,3932
thermal,3933
bigoli,3934
earn,3935
archangel,3936
dongiò,3937
valuabl,3938
scapecchi,3939
arno,3940
postman,3941
unchang,3942
poultri,3943
total,3944
exagg,3945
cimbron,3946
guesthou,3947
planeta,3948
cosylittl,3949
salina,3950
prino,3951
mild,3952
purpl,3953
western,3954
lecc,3955
solaika,3956
marrocco,3957
octob,3958
delmont,3959
poor,3960
goo,3961
moena,3962
spoltino,3963
timelessli,3964
widespread,3965
grassland,3966
sfincion,3967
focaccia,3968
frigoriferi,3969
milanesi,3970
mirabella,3971
clusan,3972
erbazzon,3973
pie,3974
cappelletti,3975
broth,3976
adapt,3977
aost,3978
stile,3979
libero,3980
quinto,3981
quarto,3982
leocorno,3983
contrada,3984
quarter,3985
heard,3986
abbondanzi,3987
flock,3988
flamingo,3989
fenicottero,3990
rizzuto,3991
mar,3992
ionio,3993
fabul,3994
probiz,3995
flurin,3996
glorenza,3997
baja,3998
reimund,3999
brunner,4000
outset,4001
cri,4002
fritto,4003
ruin,4004
guardroom,4005
eatali,4006
follina,4007
dissect,4008
sereno,4009
sulmona,4010
european,4011
laden,4012
piadin,4013
flatbread,4014
porticciolo,4015
lanzagallo,4016
storeh,4017
papal,4018
state,4019
terrazza,4020
asolo,4021
lack,4022
stack,4023
bue,4024
grasso,4025
fat,4026
ox,4027
novemb,4028
easter,4029
chessboard,4030
groan,4031
tubladel,4032
linguin,4033
deliv,4034
confin,4035
verbano,4036
pescatori,4037
sacco,4038
prosdocimi,4039
indiniò,4040
nowher,4041
carnian,4042
job,4043
reali,4044
croton,4045
ercol,4046
benefit,4047
salti,4048
tang,4049
ionian,4050
anghiari,4051
battl,4052
alighiero,4053
silvia,4054
bringoli,4055
jovial,4056
runner,4057
verd,4058
luigia,4059
laura,4060
gilmor,4061
expan,4062
softer,4063
crust,4064
process,4065
aimo,4066
nadia,4067
montecuccoli,4068
caravella,4069
intric,4070
tourism,4071
imposs,4072
biohotel,4073
reveal,4074
teal,4075
ochr,4076
murano,4077
allud,4078
miseria,4079
leali,4080
abil,4081
council,4082
trent,4083
morn,4084
caramanico,4085
painstak,4086
carriag,4087
regi,4088
sofa,4089
fiorella,4090
stunningli,4091
loro,4092
healthi,4093
cantù,4094
udin,4095
banco,4096
pasticceria,4097
feltr,4098
campigotto,4099
elli,4100
kaiseki,4101
leemann,4102
vaiani,4103
hote,4104
entrust,4105
gene,4106
gaio,4107
curat,4108
vitello,4109
tonnato,4110
banfi,4111
us,4112
blumenstub,4113
pergin,4114
stilla,4115
vigiliu,4116
lana,4117
ride,4118
plaza,4119
russi,4120
finest,4121
seregno,4122
manicon,4123
embark,4124
delib,4125
piccola,4126
shuttl,4127
bu,4128
phone,4129
pamper,4130
tip,4131
bellagio,4132
branch,4133
drawback,4134
stress,4135
runat,4136
dozen,4137
trapani,4138
moro,4139
deepli,4140
stalwart,4141
castrozza,4142
fàula,4143
vecchia,4144
euro,4145
gioie,4146
sausag,4147
barley,4148
armani,4149
overcom,4150
obstacl,4151
summari,4152
tiberio,4153
piazzetta,4154
cort,4155
imperatori,4156
portinari,4157
salviati,4158
vito,4159
mollica,4160
bavaglino,4161
windsor,4162
laigueglia,4163
savô,4164
grandson,4165
martini,4166
hamburg,4167
privaci,4168
virgilio,4169
palmi,4170
carpaccio,4171
york,4172
feuerstein,4173
flere,4174
vipiteno,4175
pirandello,4176
model,4177
christma,4178
pile,4179
recycl,4180
ampezzo,4181
speranzina,4182
valpolicella,4183
pastureland,4184
lessinia,4185
belludia,4186
corrado,4187
enorm,4188
april,4189
controversi,4190
tomei,4191
pfanner,4192
brandini,4193
zecchin,4194
discipl,4195
raphaël,4196
cordero,4197
elid,4198
crenel,4199
scopiccio,4200
valtellino,4201
class,4202
exalt,4203
volterra,4204
fabrizio,4205
mellino,4206
ran,4207
sell,4208
hen,4209
agnoli,4210
loprior,4211
format,4212
sail,4213
fogolar,4214
vare,4215
teodoro,4216
besana,4217
sogno,4218
lama,4219
monachil,4220
jamantè,4221
chioccia,4222
caserta,4223
marotta,4224
quintino,4225
interestingli,4226
vista,4227
dialogu,4228
lugano,4229
switzerland,4230
den,4231
fir,4232
chaotic,4233
sanità,4234
oliva,4235
linear,4236
giovanna,4237
fasan,4238
met,4239
germani,4240
rispoli,4241
sottovoc,4242
mattara,4243
maschio,4244
angioino,4245
nuovo,4246
gragnano,4247
hilltop,4248
marcelin,4249
crew,4250
marzullo,4251
whenev,4252
capanna,4253
eraclio,4254
strang,4255
unavoid,4256
ravenna,4257
matter,4258
rightli,4259
anchor,4260
agn,4261
loss,4262
almond,4263
campagna,4264
nicolosi,4265
might,4266
tragara,4267
corbusi,4268
chequer,4269
offshoot,4270
palai,4271
philip,4272
chronopoulo,4273
regal,4274
reggia,4275
venaria,4276
wheel,4277
giardinetto,4278
tempura,4279
grapefruit,4280
granita,4281
quadrilat,4282
honor,4283
vitel,4284
tonnè,4285
meschio,4286
montefollonico,4287
venart,4288
rariti,4289
orangeri,4290
lanzellotti,4291
seemingli,4292
alain,4293
ducass,4294
comand,4295
lori,4296
dwell,4297
deco,4298
triest,4299
cernobbio,4300
spice,4301
sugihara,4302
immacolata,4303
troccoli,4304
pleasingli,4305
carrara,4306
spilimbergo,4307
campsit,4308
fall,4309
villadorata,4310
cicognolo,4311
standard,4312
bearer,4313
madama,4314
piola,4315
mengoni,4316
spite,4317
